player;nba_draft;listed_height;listed_weight;nationality;college;high_school;playing_career;position;draft_year;draft_round;draft_pick
A. C. Green;1985 / Round: 1 / Pick: 23rd overall;6 ft 9 in (2.06 m);220 lb (100 kg);American;Oregon State (1981–1985);Benson Polytechnic (Portland, Oregon);1985–2001;Power forward;1985 ; Round: 1 ; Pick: 23rd overall
Adrian Dantley;1976 / Round: 1 / Pick: 6th overall;6 ft 5 in (1.96 m);208 lb (94 kg);;Notre Dame (1973–1976);DeMatha Catholic (Hyattsville, Maryland);1976–1991;Small forward;1976 ; Round: 1 ; Pick: 6th overall
Adrian Smith;1958 / Round: 15 / Pick: 85th overall;6 ft 1 in (1.85 m);180 lb (82 kg);American;Northeast Mississippi CC (1954–1956) Kentucky (1956–1958);Farmington (Farmington, Kentucky);1961–1972;Point guard;1958 ; Round: 15 ; Pick: 85th overall
Al Horford;2007 / Round: 1 / Pick: 3rd overall;6 ft 10 in (2.08 m);245 lb (111 kg);Dominican;Florida (2004–2007);Grand Ledge (Grand Ledge, Michigan);2007–present;Center / Power forward;2007 ; Round: 1 ; Pick: 3rd overall
Alex English;1976 / Round: 2 / Pick: 23rd overall;6 ft 7 in (2.01 m);190 lb (86 kg);American;South Carolina (1972–1976);Dreher (Columbia, South Carolina);1976–1992;Small forward;1976 ; Round: 2 ; Pick: 23rd overall
Alex Groza;1949 / Round: 1 / Pick: 2nd overall;6 ft 7 in (2.01 m);218 lb (99 kg);American;Kentucky (1945–1949);Martins Ferry (Martins Ferry, Ohio);1949–1951;Center;1949 ; Round: 1 ; Pick: 2nd overall
Allan Houston;1993 / Round: 1 / Pick: 11th overall;6 ft 6 in (1.98 m);205 lb (93 kg);American;Tennessee (1989–1993);Ballard (Louisville, Kentucky);1993–2005;Shooting guard;1993 ; Round: 1 ; Pick: 11th overall
Allen Iverson;1996 / Round: 1 / Pick: 1st overall;6 ft 0 in (1.83 m);165 lb (75 kg);American;Georgetown (1994–1996);Bethel (Hampton, Virginia);1996–2011;Guard;1996 ; Round: 1 ; Pick: 1st overall
Alonzo Mourning;1992 / Round: 1 / Pick: 2nd overall;6 ft 10 in (2.08 m);240 lb (109 kg);American;Georgetown (1988–1992);Indian River (Chesapeake, Virginia);1992–2008;Center / Power forward;1992 ; Round: 1 ; Pick: 2nd overall
Alvan Adams;1975 / Round: 1 / Pick: 4th overall;6 ft 9 in (2.06 m);210 lb (95 kg);American;Oklahoma (1972–1975);Putnam City (Oklahoma City, Oklahoma);1975–1988;Power forward / Center;1975 ; Round: 1 ; Pick: 4th overall
Alvin Robertson;1984 / Round: 1 / Pick: 7th overall;6 ft 3 in (1.91 m);185 lb (84 kg);American;Crowder College (1980–1981) Arkansas (1981–1984);Barberton (Barberton, Ohio);1984–2000;Shooting guard;1984 ; Round: 1 ; Pick: 7th overall
Amar'e Stoudemire;2002 / Round: 1 / Pick: 9th overall;6 ft 10 in (2.08 m);245 lb (111 kg);American;;Cypress Creek (Orlando, Florida);2002–present;Power forward / Center;2002 ; Round: 1 ; Pick: 9th overall
Andre Drummond;2012 / Round: 1 / Pick: 9th overall;6 ft 11 in (2.11 m);279 lb (127 kg);American;Connecticut (2011–2012);St. Thomas More (Oakdale, Connecticut);2012–present;Center;2012 ; Round: 1 ; Pick: 9th overall
Andre Iguodala;2004 / Round: 1 / Pick: 9th overall;6 ft 6 in (1.98 m);215 lb (98 kg);American;Arizona (2002–2004);Lanphier (Springfield, Illinois);2004–present;Small forward / Shooting guard;2004 ; Round: 1 ; Pick: 9th overall
Andrei Kirilenko;1999 / Round: 1 / Pick: 24th overall;6 ft 9 in (2.06 m);235 lb (107 kg);Russian / American;;;1997–2015;Forward;1999 ; Round: 1 ; Pick: 24th overall
Andrew Bynum;2005 / Round: 1 / Pick: 10th overall;7 ft 0 in (2.13 m);285 lb (129 kg);American;;St. Joseph (Metuchen, New Jersey);2005–present;Center;2005 ; Round: 1 ; Pick: 10th overall
Andrew Toney;1980 / Round: 1 / Pick: 8th overall;6 ft 3 in (1.91 m);178 lb (81 kg);American;Louisiana–Lafayette (1976–1980);Charles B. Glenn (Birmingham, Alabama);1980–1988;Shooting guard;1980 ; Round: 1 ; Pick: 8th overall
Andy Phillip;1947 / Round: -- / Pick: --;6 ft 2 in (1.88 m);195 lb (88 kg);American;Illinois (1941–1943, 1946–1947);Granite City (Granite City, Illinois);1947–1958;Guard / Forward;1947 ; Round: -- ; Pick: --
Antawn Jamison;1998 / Round: 1 / Pick: 4th overall;6 ft 9 in (2.06 m);235 lb (107 kg);American;North Carolina (1995–1998);Providence (Charlotte, North Carolina);1998–2014;Power forward / Small forward;1998 ; Round: 1 ; Pick: 4th overall
Anthony Davis;2012 / Round: 1 / Pick: 1st overall;6 ft 10 in (2.08 m);253 lb (115 kg);American;Kentucky (2011–2012);Perspectives Charter (Chicago, Illinois);2012–present;Power forward / Center;2012 ; Round: 1 ; Pick: 1st overall
Anthony Mason;1988 / Round: 3 / Pick: 53rd overall;6 ft 7 in (2.01 m);250 lb (113 kg);American;Tennessee State (1984–1988);Springfield Gardens (Queens, New York);1988–2003;Forward;1988 ; Round: 3 ; Pick: 53rd overall
Antoine Walker;1996 / Round: 1 / Pick: 6th overall;6 ft 9 in (2.06 m);265 lb (120 kg);American;Kentucky (1994–1996);Mount Carmel (Chicago, Illinois);1996–2012;Forward;1996 ; Round: 1 ; Pick: 6th overall
Antonio Davis;1990 / Round: 2 / Pick: 45th overall;6 ft 9 in (2.06 m);215 lb (98 kg);American;UTEP (1986–1990);McClymonds (Oakland, California);1990–2006;Power forward / Center;1990 ; Round: 2 ; Pick: 45th overall
Antonio McDyess;1995 / Round: 1 / Pick: 2nd overall;6 ft 9 in (2.06 m);245 lb (111 kg);American;Alabama (1993–1995);Quitman (Quitman, Mississippi);1995–2011;Power forward / Center;1995 ; Round: 1 ; Pick: 2nd overall
Archie Clark;1966 / Round: 4 / Pick: 37th overall;6 ft 2 in (1.88 m);175 lb (79 kg);American;Minnesota (1963–1966);Ecorse (Ecorse, Michigan);1966–1976;Guard;1966 ; Round: 4 ; Pick: 37th overall
Arnie Risen;;6 ft 9 in (2.06 m);200 lb (91 kg);American;Eastern Kentucky (1942–1943) Ohio State (1943–1945);Williamstown (Williamstown, Kentucky);1945–1958;Center;;;
Artis Gilmore;1971 / Round: 7 / Pick: 117th overall;7 ft 2 in (2.18 m);240 lb (109 kg);American;Gardner–Webb (1967–1969) Jacksonville (1969–1971);Carver (Dothan, Alabama);1971–1989;Center;1971 ; Round: 7 ; Pick: 117th overall
Austin Carr;1971 / Round: 1 / Pick: 1st overall;6 ft 4 in (1.93 m);200 lb (91 kg);American;Notre Dame (1968–1971);Mackin (Washington, D.C.);1971–1981;Guard;1971 ; Round: 1 ; Pick: 1st overall
B. J. Armstrong;1989 / Round: 1 / Pick: 18th overall;6 ft 2 in (1.88 m);175 lb (79 kg);American;Iowa (1985–1989);Brother Rice (Bloomfield Hills, Michigan);1989–2000;Point guard / Shooting guard;1989 ; Round: 1 ; Pick: 18th overall
Bailey Howell;1959 / Round: 1 / Pick: 2nd overall;6 ft 7 in (2.01 m);210 lb (95 kg);American;Mississippi State (1956–1959);Middleton (Middleton, Tennessee);1959–1971;Small forward;1959 ; Round: 1 ; Pick: 2nd overall
Baron Davis;1999 / Round: 1 / Pick: 3rd overall;6 ft 3 in (1.91 m);215 lb (98 kg);American;UCLA (1997–1999);Crossroads School (Santa Monica, California);1999–present;Point guard;1999 ; Round: 1 ; Pick: 3rd overall
Ben Wallace;1996 / Undrafted;6 ft 9 in (2.06 m);240 lb (109 kg);American;Cuyahoga CC (1992–1994) Virginia Union (1994–1996);Central (Hayneville, Alabama);1996–2012;Center;1996 ; Undrafted;
Bernard King;1977 / Round: 1 / Pick: 7th overall;6 ft 7 in (2.01 m);205 lb (93 kg);American;Tennessee (1974–1977);Fort Hamilton (Brooklyn, New York);1977–1993;Small forward;1977 ; Round: 1 ; Pick: 7th overall
Bill Bradley;1965 / Pick: Territorial;;;American;Princeton (1962–1965);Crystal City (Crystal City, Missouri);1965–1977;Shooting guard / Small forward;1965 ; Pick: Territorial;
Bill Bridges;1961 / Round: 3 / Pick: 32nd overall;6 ft 6 in (1.98 m);228 lb (103 kg);American;Kansas (1958–1961);Hobbs (Hobbs, New Mexico);1961–1975;Power forward / Center;1961 ; Round: 3 ; Pick: 32nd overall
Bill Cartwright;1979 / Round: 1 / Pick: 3rd overall;7 ft 1 in (2.16 m);245 lb (111 kg);American;San Francisco (1975–1979);Elk Grove (Elk Grove, California);1979–1995;Center;1979 ; Round: 1 ; Pick: 3rd overall
Bill Laimbeer;1979 / Round: 3 / Pick: 65th overall;6 ft 11 in (2.11 m);245 lb (111 kg);American;Notre Dame (1975–1979);Palos Verdes (Palos Verdes, California);1979–1993;Center;1979 ; Round: 3 ; Pick: 65th overall
Bill Russell;1956 / Round: 1 / Pick: 2nd overall;6 ft 10 in (2.08 m);220 lb (100 kg);American;San Francisco (1953–1956);McClymonds (Oakland, California);1956–1969;Center;1956 ; Round: 1 ; Pick: 2nd overall
Bill Sharman;1950 / Round: 2 / Pick: 17th overall;6 ft 1 in (1.85 m);175 lb (79 kg);American;USC (1946–1950);Porterville (Porterville, California);1950–1961;Guard;1950 ; Round: 2 ; Pick: 17th overall
Bill Walton;1974 / Round: 1 / Pick: 1st overall;6 ft 11 in (2.11 m);210 lb (95 kg);American;UCLA (1971–1974);Helix (La Mesa, California);1974–1987;Center;1974 ; Round: 1 ; Pick: 1st overall
Billy Cunningham;1965 / Round: 1 / Pick: 5th overall;6 ft 7 in (2.01 m);210 lb (95 kg);American;North Carolina (1962–1965);Erasmus Hall (Brooklyn, New York);1965–1976;Forward / Center;1965 ; Round: 1 ; Pick: 5th overall
Billy Gabor;1948 / Round: -- / Pick: --;5 ft 11 in (1.80 m);170 lb (77 kg);American;Syracuse (1942–1943, 1945–1948);Binghamton Central (Binghamton, New York);1948–1955;Point guard;1948 ; Round: -- ; Pick: --
Billy Knight;1974 / Round: 2 / Pick: 21st overall;6 ft 6 in (1.98 m);195 lb (88 kg);American;Pittsburgh (1971–1974);Braddock (Braddock, Pennsylvania);1974–1985;Shooting guard / Small forward;1974 ; Round: 2 ; Pick: 21st overall
Blake Griffin;2009 / Round: 1 / Pick: 1st overall;6 ft 10 in (2.08 m);251 lb (114 kg);American;Oklahoma (2007–2009);Oklahoma Christian (Edmond, Oklahoma);2009–present;Power forward;2009 ; Round: 1 ; Pick: 1st overall
Bob Boozer;1959 / Round: 1 / Pick: 1st overall;6 ft 8 in (2.03 m);215 lb (98 kg);American;Kansas State (1956–1959);Omaha Technical (Omaha, Nebraska);1959–1971;Power forward;1959 ; Round: 1 ; Pick: 1st overall
Bob Cousy;1950 / Round: 1 / Pick: 3rd overall;6 ft 1 in (1.85 m);175 lb (79 kg);American;Holy Cross (1946–1950);Andrew Jackson (Queens, New York);1950–1970;Point guard;1950 ; Round: 1 ; Pick: 3rd overall
Bob Dandridge;1969 / Round: 4 / Pick: 45th overall;6 ft 6 in (1.98 m);195 lb (88 kg);American;Norfolk State (1965–1969);Maggie Walker (Richmond, Virginia);1969–1981;Small forward / Shooting guard;1969 ; Round: 4 ; Pick: 45th overall
Bob Davies;;6 ft 1 in (1.85 m);175 lb (79 kg);American;Seton Hall (1939–1942);John Harris (Harrisburg, Pennsylvania);1943–1955;Guard / Forward;;;
Bob Harrison;1949 / Round: -- / Pick: --;6 ft 1 in (1.85 m);190 lb (86 kg);American;Michigan (1945–1949);Woodward (Toledo, Ohio);1949–1958;Guard;1949 ; Round: -- ; Pick: --
Bob Kauffman;1968 / Round: 1 / Pick: 3rd overall;6 ft 8 in (2.03 m);240 lb (109 kg);American;Guilford (1964–1968);Scarsdale (Scarsdale, New York);1968–1975;Power forward / Center;1968 ; Round: 1 ; Pick: 3rd overall
Bob Lanier;1970 / Round: 1 / Pick: 1st overall;6 ft 10 in (2.08 m);250 lb (113 kg);American;St. Bonaventure (1967–1970);Bennett (Buffalo, New York);1970–1984;Center;1970 ; Round: 1 ; Pick: 1st overall
Bob Love;1965 / Round: 4 / Pick: 33rd overall;6 ft 8 in (2.03 m);215 lb (98 kg);American;Southern (1961–1965);Morehouse (Bastrop, Louisiana);1965–1977;Small forward;1965 ; Round: 4 ; Pick: 33rd overall
Bob McAdoo;1972 / Round: 1 / Pick: 2nd overall;6 ft 9 in (2.06 m);210 lb (95 kg);American;Vincennes (1969–1971) North Carolina (1971–1972);Ben L. Smith (Greensboro, North Carolina);1972–1993;Forward / Center;1972 ; Round: 1 ; Pick: 2nd overall
Bob Pettit;1954 / Round: 1 / Pick: 2nd overall;6 ft 9 in (2.06 m);205 lb (93 kg);American;LSU (1951–1954);Baton Rouge (Baton Rouge, Louisiana);1954–1965;Power forward / Center;1954 ; Round: 1 ; Pick: 2nd overall
Bob Rule;1967 / Round: 2 / Pick: 19th overall;6 ft 9 in (2.06 m);220 lb (100 kg);American;Riverside CC (1963–1965) Colorado State (1965–1967);Riverside Polytechnic (Riverside, California);1967–1974;Power forward / Center;1967 ; Round: 2 ; Pick: 19th overall
Bobby Jones;1974 / Round: 1 / Pick: 5th overall;6 ft 9 in (2.06 m);210 lb (95 kg);American;North Carolina (1971–1974);South Mecklenburg (Charlotte, North Carolina);1974–1986;Forward;1974 ; Round: 1 ; Pick: 5th overall
Bobby Wanzer;1948 / Round: 1 / Pick: 10th overall;6 ft 0 in (1.83 m);170 lb (77 kg);American;Seton Hall (1942–1943, 1946–1947);Benjamin Franklin (New York City, New York);1947–1957;Guard;1948 ; Round: 1 ; Pick: 10th overall
Brad Daugherty;1986 / Round: 1 / Pick: 1st overall;7 ft 0 in (2.13 m);245 lb (111 kg);American;North Carolina (1982–1986);Charles D. Owen (Black Mountain, North Carolina);1986–1995;Center;1986 ; Round: 1 ; Pick: 1st overall
Brad Miller;1998 / Undrafted;7 ft 0 in (2.13 m);261 lb (118 kg);American;Purdue (1994–1998);East Noble (Kendallville, Indiana) Maine Central Institute (Pittsfield, Maine);1998–2012;Center / Power forward;1998 ; Undrafted;
Brandon Roy;2006 / Round: 1 / Pick: 6th overall;6 ft 6 in (1.98 m);211 lb (96 kg);American;Washington (2002–2006);Garfield (Seattle, Washington);2006–2013;Shooting guard;2006 ; Round: 1 ; Pick: 6th overall
Brian Winters;1974 / Round: 1 / Pick: 12th overall;6 ft 4 in (1.93 m);185 lb (84 kg);American;South Carolina (1971–1974);Archbishop Molloy (Queens, New York);1974–1983;Shooting guard / Small forward;1974 ; Round: 1 ; Pick: 12th overall
Brook Lopez;2008 / Round: 1 / Pick: 10th overall;7 ft 0 in (2.13 m);275 lb (125 kg);American;Stanford (2006–2008);San Joaquin Memorial (Fresno, California);2008–present;Center;2008 ; Round: 1 ; Pick: 10th overall
Buck Williams;1981 / Round: 1 / Pick: 3rd overall;6 ft 8 in (2.03 m);215 lb (98 kg);American;Maryland (1978–1981);Rocky Mount (Rocky Mount, North Carolina);1981–1999;Power forward / Center;1981 ; Round: 1 ; Pick: 3rd overall
Butch Beard;1969 / Round: 1 / Pick: 10th overall;6 ft 3 in (1.91 m);185 lb (84 kg);American;Louisville (1966–1969);Breckinridge County (Harned, Kentucky);1969–1979;Guard;1969 ; Round: 1 ; Pick: 10th overall
Calvin Murphy;1970 / Round: 2 / Pick: 18th overall;5 ft 9 in (1.75 m);165 lb (75 kg);American;Niagara (1967–1970);Norwalk (Norwalk, Connecticut);1970–1983;Guard;1970 ; Round: 2 ; Pick: 18th overall
Calvin Natt;1979 / Round: 1 / Pick: 8th overall;6 ft 6 in (1.98 m);220 lb (100 kg);American;Louisiana–Monroe (1975–1979);Bastrop (Bastrop, Louisiana);1979–1990;Small forward;1979 ; Round: 1 ; Pick: 8th overall
Campy Russell;1974 / Round: 1 / Pick: 8th overall;6 ft 8 in (2.03 m);215 lb (98 kg);American;Michigan (1972–1974);Pontiac Central (Pontiac, Michigan);1974–1985;Small forward;1974 ; Round: 1 ; Pick: 8th overall
Carl Braun;;6 ft 5 in (1.96 m);180 lb (82 kg);American;Colgate (1945–1947);Garden City (Garden City, New York);1947–1962;Shooting guard;;;
Carlos Boozer;2002 / Round: 2 / Pick: 35th overall;6 ft 9 in (2.06 m);258 lb (117 kg);American;Duke (1999–2002);Juneau-Douglas (Juneau, Alaska);2002–present;Power forward;2002 ; Round: 2 ; Pick: 35th overall
Carmelo Anthony;2003 / Round: 1 / Pick: 3rd overall;6 ft 8 in (2.03 m);240 lb (109 kg);American;Syracuse (2002–2003);Towson Catholic (Towson, Maryland) Oak Hill Academy (Mouth of Wilson, Virginia);2003–present;Small forward;2003 ; Round: 1 ; Pick: 3rd overall
Caron Butler;2002 / Round: 1 / Pick: 10th overall;6 ft 7 in (2.01 m);228 lb (103 kg);American;Connecticut (2000–2002);Racine Park (Racine, Wisconsin) Maine Central Institute (Pittsfield, Maine);2002–present;Small forward;2002 ; Round: 1 ; Pick: 10th overall
Cazzie Russell;1966 / Round: 1 / Pick: 1st overall;6 ft 5 in (1.96 m);218 lb (99 kg);American;Michigan (1963–1966);Carver (Chicago, Illinois);1966–1981;Small forward / Guard;1966 ; Round: 1 ; Pick: 1st overall
Cedric Ceballos;1990 / Round: 2 / Pick: 48th overall;6 ft 7 in (2.01 m);220 lb (100 kg);American;Ventura (1986–1988) Cal State Fullerton (1988–1990);Dominguez (Compton, California);1990–2011;Small forward;1990 ; Round: 2 ; Pick: 48th overall
Charles Barkley;1984 / Round: 1 / Pick: 5th overall;6 ft 6 in (1.98 m);252 lb (114 kg);American;Auburn (1981–1984);Leeds (Leeds, Alabama);1984–2000;Power forward;1984 ; Round: 1 ; Pick: 5th overall
Charles Oakley;1985 / Round: 1 / Pick: 9th overall;6 ft 8 in (2.03 m);245 lb (111 kg);American;Virginia Union (1981–1985);John Hay (Cleveland, Ohio);1985–2004;Power forward / Center;1985 ; Round: 1 ; Pick: 9th overall
Charlie Scott;1970 / Round: 7 / Pick: 106th overall;6 ft 5 in (1.96 m);175 lb (79 kg);American;North Carolina (1967–1970);Laurinburg Institute (Laurinburg, North Carolina);1970–1980;Shooting guard;1970 ; Round: 7 ; Pick: 106th overall
Chauncey Billups;1997 / Round: 1 / Pick: 3rd overall;6 ft 3 in (1.91 m);210 lb (95 kg);American;Colorado (1995–1997);George Washington (Denver, Colorado);1997–2014;Point guard / Shooting guard;1997 ; Round: 1 ; Pick: 3rd overall
Chet Walker;;6 ft 2 in (1.88 m);170 lb (77 kg);American;St. John's (1945–1946);Thomas Jefferson (Brooklyn, New York);1946–1956;Shooting guard;;;
Chris Bosh;2003 / Round: 1 / Pick: 4th overall;6 ft 11 in (2.11 m);235 lb (107 kg);American;Georgia Tech (2002–2003);Lincoln (Dallas, Texas);2003–present;Power forward / Center;2003 ; Round: 1 ; Pick: 4th overall
Chris Gatling;1991 / Round: 1 / Pick: 16th overall;6 ft 10 in (2.08 m);220 lb (100 kg);American;Old Dominion (1988–1991);Elizabeth (Elizabeth, New Jersey);1991–2003;Power forward;1991 ; Round: 1 ; Pick: 16th overall
Chris Kaman;2003 / Round: 1 / Pick: 6th overall;7 ft 0 in (2.13 m);265 lb (120 kg);American / German;Central Michigan (2000–2003);Tri-unity Christian School (Wyoming, Michigan);2003–present;Center;2003 ; Round: 1 ; Pick: 6th overall
Chris Mullin;1985 / Round: 1 / Pick: 7th overall;6 ft 6 in (1.98 m);200 lb (91 kg);American;St. John's (1981–1985);Power Memorial (New York City, New York) Xaverian (Brooklyn, New York);1985–2001;Small forward / Shooting guard;1985 ; Round: 1 ; Pick: 7th overall
Chris Paul;2005 / Round: 1 / Pick: 4th overall;6 ft 0 in (1.83 m);175 lb (79 kg);American;Wake Forest (2003–2005);West Forsyth (Clemmons, North Carolina);2005–present;Point guard;2005 ; Round: 1 ; Pick: 4th overall
Chris Webber;1993 / Round: 1 / Pick: 1st overall;6 ft 10 in (2.08 m);245 lb (111 kg);American;Michigan (1991–1993);Detroit Country Day (Beverly Hills, Michigan);1993–2008;Power forward / Center[1];1993 ; Round: 1 ; Pick: 1st overall
Christian Laettner;1992 / Round: 1 / Pick: 3rd overall;6 ft 11 in (2.11 m);238 lb (108 kg);American;Duke (1988–1992);Nichols School (Buffalo, New York);1992–2005, 2011–2012;Power forward / Center;1992 ; Round: 1 ; Pick: 3rd overall
Chuck Noble;1954 / Round: 4 / Pick: 30th overall;6 ft 4 in (1.93 m);190 lb (86 kg);American;Louisville (1950–1954);Akron South (Akron, Ohio);1954–1962;Guard;1954 ; Round: 4 ; Pick: 30th overall
Cliff Hagan;1953 / Round: 3 / Pick: 21st overall;6 ft 4 in (1.93 m);210 lb (95 kg);American;Kentucky (1950–1954);Owensboro (Owensboro, Kentucky);1956–1969;Small forward / Guard;1953 ; Round: 3 ; Pick: 21st overall
Clifford Robinson;1978 / Round: 1 / Pick: 15th overall;6 ft 7 in (2.01 m);215 lb (98 kg);American;Auburn (1974–1978);Luther Judson Price (Atlanta, Georgia);1978–1999;Small forward;1978 ; Round: 1 ; Pick: 15th overall
Clyde Drexler;1983 / Round: 1 / Pick: 14th overall;6 ft 7 in (2.01 m);210 lb (95 kg);American;Houston (1980–1983);Sterling (Houston, Texas);1983–1998;Shooting guard / Small forward;1983 ; Round: 1 ; Pick: 14th overall
Clyde Lee;1966 / Round: 1 / Pick: 3rd overall;6 ft 10 in (2.08 m);205 lb (93 kg);American;Vanderbilt (1963–1966);David Lipscomb (Nashville, Tennessee);1966–1976;Power forward / Center;1966 ; Round: 1 ; Pick: 3rd overall
Clyde Lovellette;1952 / Round: 1 / Pick: 9th overall;6 ft 9 in (2.06 m);234 lb (106 kg);American;Kansas (1949–1952);Garfield (Terre Haute, Indiana);1952–1964;Center / Power forward;1952 ; Round: 1 ; Pick: 9th overall
Connie Hawkins;1964 / Undrafted;6 ft 8 in (2.03 m);210 lb (95 kg);American;;Boys (Brooklyn, New York);1961–1976;Power forward / Center;1964 ; Undrafted;
Curtis Rowe;1971 / Round: 1 / Pick: 11th overall;6 ft 7 in (2.01 m);225 lb (102 kg);American;UCLA (1968–1971);John C. Fremont (Los Angeles, California);1971–1979;Power forward;1971 ; Round: 1 ; Pick: 11th overall
Dale Davis;1991 / Round: 1 / Pick: 13th overall;6 ft 11 in (2.11 m);252 lb (114 kg);American;Clemson (1987–1991);Stephens County (Toccoa, Georgia);1991–2007;Power forward / Center;1991 ; Round: 1 ; Pick: 13th overall
Dale Ellis;1983 / Round: 1 / Pick: 9th overall;6 ft 7 in (2.01 m);205 lb (93 kg);American;Tennessee (1979–1983);Marietta (Marietta, Georgia);1983–2000;Shooting guard / Small forward;1983 ; Round: 1 ; Pick: 9th overall
Damian Lillard;2012 / Round: 1 / Pick: 6th overall;6 ft 3 in (1.91 m);195 lb (88 kg);American;Weber State (2008–2012);St. Joseph Notre Dame (Alameda, California) Oakland (Oakland, California);2012–present;Point guard;2012 ; Round: 1 ; Pick: 6th overall
Dan Issel;1970 / Round: 8 / Pick: 122nd overall;6 ft 9 in (2.06 m);235 lb (107 kg);American;Kentucky (1967–1970);Batavia (Batavia, Illinois);1970–1985;Center / Power forward;1970 ; Round: 8 ; Pick: 122nd overall
Dan Majerle;1988 / Round: 1 / Pick: 14th overall;6 ft 6 in (1.98 m);222 lb (101 kg);American;Central Michigan (1984–1988);Central (Traverse City, Michigan);1988–2002;Shooting guard / Small forward;1988 ; Round: 1 ; Pick: 14th overall
Dan Roundfield;1975 / Round: 2 / Pick: 28th overall;6 ft 8 in (2.03 m);205 lb (93 kg);American;Central Michigan (1972–1975);Chadsey (Detroit, Michigan);1975–1988;Power forward;1975 ; Round: 2 ; Pick: 28th overall
Dana Barros;1989 / Round: 1 / Pick: 16th overall;5 ft 11 in (1.80 m);163 lb (74 kg);Dual Citizenship: U.S. and Cape Verdian[1];Boston College (1985–1989);Xaverian (Westwood, Massachusetts);1989–2004;Guard;1989 ; Round: 1 ; Pick: 16th overall
Danny Ainge;1981 / Round: 2 / Pick: 31st overall;6 ft 5 in (1.96 m);195 lb (88 kg);American;BYU (1977–1981);North Eugene (Eugene, Oregon);1981–1995;Shooting guard;1981 ; Round: 2 ; Pick: 31st overall
Danny Granger;2005 / Round: 1 / Pick: 17th overall;6 ft 9 in (2.06 m);222 lb (101 kg);American;Bradley (2001–2003) New Mexico (2003–2005);Grace King (Metairie, Louisiana);2005–present;Small forward;2005 ; Round: 1 ; Pick: 17th overall
Danny Manning;1988 / Round: 1 / Pick: 1st overall;6 ft 10 in (2.08 m);230 lb (104 kg);American;Kansas (1984–1988);Page (Greensboro, North Carolina) Lawrence (Lawrence, Kansas);1988–2003;Power forward;1988 ; Round: 1 ; Pick: 1st overall
Darrall Imhoff;1960 / Round: 1 / Pick: 3rd overall;6 ft 10 in (2.08 m);220 lb (100 kg);American;California (1957–1960);Alhambra (Alhambra, California);1960–1972;Center;1960 ; Round: 1 ; Pick: 3rd overall
Dave Bing;1966 / Round: 1 / Pick: 2nd overall;6 ft 3 in (1.91 m);180 lb (82 kg);American;Syracuse (1963–1966);Spingarn (Washington, D.C.);1966–1978;Guard;1966 ; Round: 1 ; Pick: 2nd overall
Dave Cowens;1970 / Round: 1 / Pick: 4th overall;6 ft 9 in (2.06 m);230 lb (104 kg);American;Florida State (1967–1970);Newport Catholic (Newport, Kentucky);1970–1983;Center / Power forward;1970 ; Round: 1 ; Pick: 4th overall
Dave DeBusschere;1962 / Pick: Territorial;6 ft 6 in (1.98 m);220 lb (100 kg);American;Detroit (1959–1962);Austin Catholic Preparatory School (Detroit, Michigan);1962–1974;Forward;1962 ; Pick: Territorial;
David Lee;2005 / Round: 1 / Pick: 30th overall;6 ft 9 in (2.06 m);245 lb (111 kg);American;Florida (2001–2005);Chaminade (Creve Coeur, Missouri);2005–present;Power forward / Center;2005 ; Round: 1 ; Pick: 30th overall
David Robinson;1987 / Round: 1 / Pick: 1st overall;7 ft 1 in (2.16 m);235 lb (107 kg);American;Navy (1983–1987);Osbourn Park (Manassas, Virginia);1989–2003;Center;1987 ; Round: 1 ; Pick: 1st overall
David Thompson;1975 / Round: 1 / Pick: 1st overall;6 ft 4 in (1.93 m);195 lb (88 kg);American;NC State (1972–1975);Crest (Shelby, North Carolina);1975–1984;Small forward / Shooting guard;1975 ; Round: 1 ; Pick: 1st overall
David West;2003 / Round: 1 / Pick: 18th overall;6 ft 9 in (2.06 m);250 lb (113 kg);American;Xavier (1999–2003);Garner Magnet (Garner, North Carolina) Hargrave Military Academy (Chatham, Virginia);2003–present;Power forward;2003 ; Round: 1 ; Pick: 18th overall
DeMar DeRozan;2009 / Round: 1 / Pick: 9th overall;6 ft 7 in (2.01 m);220 lb (100 kg);American;USC (2008–2009);Compton (Compton, California);2009–present;Shooting guard;2009 ; Round: 1 ; Pick: 9th overall
DeMarcus Cousins;2010 / Round: 1 / Pick: 5th overall;6 ft 11 in (2.11 m);270 lb (122 kg);American;Kentucky (2009–2010);LeFlore (Mobile, Alabama);2010–present;Center / Power forward;2010 ; Round: 1 ; Pick: 5th overall
Dennis Johnson;1976 / Round: 2 / Pick: 29th overall;6 ft 4 in (1.93 m);182 lb (83 kg);American;LA Harbor College (1973–1975) Pepperdine (1975–1976);Dominguez (Compton, California);1976–1990;Guard;1976 ; Round: 2 ; Pick: 29th overall
Dennis Rodman;1986 / Round: 2 / Pick: 27th overall;6 ft 7 in (2.01 m)[a];220 lb (100 kg)[1];American;North Central Texas (1983) Southeastern Oklahoma State (1983–1986);South Oak Cliff (Dallas, Texas);1986–2006;Power forward;1986 ; Round: 2 ; Pick: 27th overall
Deron Williams;2005 / Round: 1 / Pick: 3rd overall;6 ft 3 in (1.91 m);200 lb (91 kg);American;Illinois (2002–2005);The Colony (The Colony, Texas);2005–present;Point guard;2005 ; Round: 1 ; Pick: 3rd overall
Derrick Coleman;1990 / Round: 1 / Pick: 1st overall;6 ft 10 in (2.08 m);230 lb (104 kg);American;Syracuse (1986–1990);Northern (Detroit, Michigan);1990–2005;Power forward / Center;1990 ; Round: 1 ; Pick: 1st overall
Derrick Rose;2008 / Round: 1 / Pick: 1st overall;6 ft 3 in (1.91 m);190 lb (86 kg);American;Memphis (2007–2008);Simeon Career Academy (Chicago, Illinois);2008–present;Point guard;2008 ; Round: 1 ; Pick: 1st overall
Detlef Schrempf;1985 / Round: 1 / Pick: 8th overall;6 ft 10 in (2.08 m);235 lb (107 kg);German;Washington (1981–1985);Centralia (Centralia, Washington);1985–2001;Small forward / Power forward;1985 ; Round: 1 ; Pick: 8th overall
Devin Harris;2004 / Round: 1 / Pick: 5th overall;6 ft 3 in (1.91 m);185 lb (84 kg);American;Wisconsin (2001–2004);Wauwatosa East (Wauwatosa, Wisconsin);2004–present;Point guard / Shooting guard;2004 ; Round: 1 ; Pick: 5th overall
Dick Barnett;1959 / Round: 1 / Pick: 4th overall;6 ft 4 in (1.93 m);190 lb (86 kg);American;Tennessee State (1955–1959);Theodore Roosevelt (Gary, Indiana);1959–1973;Guard / Forward;1959 ; Round: 1 ; Pick: 4th overall
Dick Garmaker;1955 / Pick: Territorial;6 ft 3 in (1.91 m);200 lb (91 kg);American;Hibbing CC (1950–1952) Minnesota (1953–1955);Hibbing (Hibbing, Minnesota);1955–1961;Shooting guard / Small forward;1955 ; Pick: Territorial;
Dick McGuire;1949 / Round: 1 / Pick: 7th overall;6 ft 0 in (1.83 m);180 lb (82 kg);American;St. John's (1943–1944, 1946–1949) Dartmouth (1944);La Salle Academy (New York City, New York);1949–1960;Guard;1949 ; Round: 1 ; Pick: 7th overall
Dick Van Arsdale;1965 / Round: 2 / Pick: 10th overall;6 ft 5 in (1.96 m);210 lb (95 kg);American;Indiana (1962–1965);Emmerich Manual (Indianapolis, Indiana);1965–1977;Guard / Small forward;1965 ; Round: 2 ; Pick: 10th overall
Dike Eddleman;1949 / Round: 3 / Pick: 24 [1];6 ft 3 in (1.91 m);189 lb (86 kg);American;Illinois (1945–1949);Centralia (Centralia, Illinois);1949–1953;Small forward;1949 ; Round: 3 ; Pick: 24 [1]
Dikembe Mutombo;1991 / Round: 1 / Pick: 4th overall;7 ft 2 in (2.18 m);260 lb (118 kg);Congolese / American;Georgetown (1988–1991);;1991–2009;Center;1991 ; Round: 1 ; Pick: 4th overall
Dirk Nowitzki;1998 / Round: 1 / Pick: 9th overall;7 ft 0 in (2.13 m);245 lb (111 kg);German;;;1994–present;Power forward;1998 ; Round: 1 ; Pick: 9th overall
Doc Rivers;1983 / Round: 2 / Pick: 31st overall;6 ft 4 in (1.93 m);185 lb (84 kg);American;Marquette (1980–1983);Proviso East (Maywood, Illinois);1983–1996;Point guard;1983 ; Round: 2 ; Pick: 31st overall
Dolph Schayes;1948 / Round: 1 / Pick: 4th overall;6 ft 7 in (2.01 m);195 lb (88 kg);American;NYU (1944–1948);DeWitt Clinton (Bronx, New York);1948–1964;Power forward / Center;1948 ; Round: 1 ; Pick: 4th overall
Dominique Wilkins;1982 / Round: 1 / Pick: 3rd overall;6 ft 8 in (2.03 m);224 lb (102 kg);American;Georgia (1979–1982);Washington (Washington, North Carolina);1982–1999;Small forward;1982 ; Round: 1 ; Pick: 3rd overall
Don Barksdale;;6 ft 6 in (1.98 m);200 lb (91 kg);American;UCLA (1946–1947);Berkeley (Berkeley, California);1948–1955;Forward / Center;;;
Don Buse;1972 / Round: 3 / Pick: 34th overall;6 ft 4 in (1.93 m);190 lb (86 kg);American;Evansville (1969–1972);Holland (Holland, Indiana);1972–1985;Point guard;1972 ; Round: 3 ; Pick: 34th overall
Don Kojis;1961 / Round: 2 / Pick: 21st overall;6 ft 3 in (1.91 m);202 lb (92 kg);American;Marquette (1958–1961);Notre Dame (Milwaukee, Wisconsin);1963–1975;Small forward;1961 ; Round: 2 ; Pick: 21st overall
Don Ohl;1958 / Round: 5 / Pick: 36th overall;6 ft 3 in (1.91 m);190 lb (86 kg);American;Illinois (1955–1958);Edwardsville (Edwardsville, Illinois);1959–1970;Guard;1958 ; Round: 5 ; Pick: 36th overall
Don Sunderlage;1951 / Round: 1 / Pick: 9th overall;6 ft 1 in (1.85 m);180 lb (82 kg);American;Illinois (1948–1951);Elgin (Elgin, Illinois);1953–1955;Point guard;1951 ; Round: 1 ; Pick: 9th overall
Doug Collins;1973 / Round: 1 / Pick: 1st overall;6 ft 7 in (2.01 m);215 lb (98 kg);American;Illinois State (1967–1970);Benton (Benton, Illinois);1973–1981;Shooting guard;1973 ; Round: 1 ; Pick: 1st overall
Draymond Green;2012 / Round: 2 / Pick: 35th overall;6 ft 7 in (2.01 m);230 lb (104 kg);American;Michigan State (2008–2012);Saginaw (Saginaw, Michigan);2012–present;Forward;2012 ; Round: 2 ; Pick: 35th overall
Dwight Howard;2004 / Round: 1 / Pick: 1st overall;6 ft 11 in (2.11 m);265 lb (120 kg);American;;Southwest Atlanta Christian Academy (Atlanta, Georgia);2004–present;Center;2004 ; Round: 1 ; Pick: 1st overall
Dwyane Wade;2003 / Round: 1 / Pick: 5th overall;6 ft 4 in (1.93 m);220 lb (100 kg);American;Marquette (2000–2003);Harold L. Richards (Oak Lawn, Illinois);2003–present;Shooting guard;2003 ; Round: 1 ; Pick: 5th overall
Earl Monroe;1967 / Round: 1 / Pick: 2nd overall;6 ft 3 in (1.91 m);185 lb (84 kg);American;Winston-Salem State (1963–1967);John Bartram (Philadelphia, Pennsylvania);1967–1980;Guard;1967 ; Round: 1 ; Pick: 2nd overall
Ed Macauley;1949 / Pick: Territorial;6 ft 8 in (2.03 m);185 lb (84 kg);American;Saint Louis (1945–1949);St. Louis University HS (St. Louis, Missouri);1949–1959;Center / Power forward;1949 ; Pick: Territorial;
Eddie Johnson;1977 / Round: 3 / Pick: 49th overall;6 ft 2 in (1.88 m);180 lb (82 kg);American;Auburn (1973–1977);Lake Weir (Summerfield, Florida);1977–1987;Shooting guard;1977 ; Round: 3 ; Pick: 49th overall
Eddie Jones;1994 / Round: 1 / Pick: 10th overall;6 ft 6 in (1.98 m);200 lb (91 kg);American;Temple (1991–1994);Blanche Ely (Pompano Beach, Florida);1994–2008;Shooting guard / Small forward;1994 ; Round: 1 ; Pick: 10th overall
Eddie Miles;1963 / Round: 1 / Pick: 4th overall;6 ft 4 in (1.93 m);195 lb (88 kg);American;Seattle (1960–1963);Scipio A. Jones (North Little Rock, Arkansas);1963–1972;Forward / Guard;1963 ; Round: 1 ; Pick: 4th overall
Elgin Baylor;1958 / Round: 1 / Pick: 1st overall;6 ft 5 in (1.96 m);225 lb (102 kg);American;College of Idaho (1954–1955) Seattle (1956–1958);Spingarn (Washington, D.C.);1958–1971;Forward;1958 ; Round: 1 ; Pick: 1st overall
Elton Brand;1999 / Round: 1 / Pick: 1st overall;6 ft 9 in (2.06 m);255 lb (116 kg);American;Duke (1997–1999);Peekskill (Peekskill, New York);1999–present;Power forward / Center;1999 ; Round: 1 ; Pick: 1st overall
Elvin Hayes;1968 / Round: 1 / Pick: 1st overall;6 ft 9 in (2.06 m);235 lb (107 kg);American;Houston (1965–1968);Eula D. Britton (Rayville, Louisiana);1968–1984;Center / Power forward;1968 ; Round: 1 ; Pick: 1st overall
Fat Lever;1982 / Round: 1 / Pick: 11th overall;6 ft 3 in (1.91 m);170 lb (77 kg);American;Arizona State (1978–1982);Pueblo (Tucson, Arizona);1982–1994;Point guard;1982 ; Round: 1 ; Pick: 11th overall
Flynn Robinson;1965 / Round: 2 / Pick: 15th overall;6 ft 1 in (1.85 m);185 lb (84 kg);American;Casper College (1960-1961) Wyoming (1962–1965);Elgin (Elgin, Illinois);1965–1978;Point guard;1965 ; Round: 2 ; Pick: 15th overall
Frank Brian;;6 ft 1 in (1.85 m);180 lb (82 kg);American;LSU (1942–1943, 1945–1947);Zachary (Zachary, Louisiana);1947–1956;Guard;;;
Frank Selvy;1954 / Round: 1 / Pick: 1st overall;6 ft 3 in (1.91 m);180 lb (82 kg);American;Furman (1951–1954);Corbin (Corbin, Kentucky);1954–1964;Shooting guard / Small forward;1954 ; Round: 1 ; Pick: 1st overall
Fred Brown;1971 / Round: 1 / Pick: 6th overall;6 ft 3 in (1.91 m);182 lb (83 kg);American;Southeastern CC (1967–1969) Iowa (1969–1971);Lincoln (Milwaukee, Wisconsin);1971–1984;Guard;1971 ; Round: 1 ; Pick: 6th overall
Fred Schaus;1949 / Round: 3;6 ft 5 in (1.96 m);205 lb (93 kg);American;West Virginia (1946–1949);Newark (Newark, Ohio);1949–1954;Small forward;1949 ; Round: 3;
Fred Scolari;;5 ft 10 in (1.78 m);180 lb (82 kg);;San Francisco (194?–1946);Galileo (San Francisco, California);;Point guard;;;
Gail Goodrich;1965 / Pick: Territorial;6 ft 1 in (1.85 m);170 lb (77 kg);American;UCLA (1962–1965);John H. Francis Polytechnic (Los Angeles, California);1965–1979;Guard;1965 ; Pick: Territorial;
Gary Payton;1990 / Round: 1 / Pick: 2nd overall;6 ft 4 in (1.93 m);185 lb (84 kg);American;Oregon State (1986–1990);Skyline (Oakland, California);1990–2007;Point guard;1990 ; Round: 1 ; Pick: 2nd overall
Gene Shue;1954 / Round: 1 / Pick: 3rd overall;6 ft 2 in (1.88 m);170 lb (77 kg);American;Maryland (1951–1954);Towson Catholic (Towson, Maryland);1954–1964;Guard;1954 ; Round: 1 ; Pick: 3rd overall
Geoff Petrie;1970 / Round: 1 / Pick: 8th overall;6 ft 4 in (1.93 m);190 lb (86 kg);American;Princeton (1967–1970);Springfield (Springfield, Pennsylvania);1970–1976;Guard;1970 ; Round: 1 ; Pick: 8th overall
George Gervin;1974 / Round: 3 / Pick: 40th overall;6 ft 7 in (2.01 m);185 lb (84 kg);American;Eastern Michigan (1970–1972);Martin Luther King (Detroit, Michigan);1972–1990;Shooting guard / Small forward;1974 ; Round: 3 ; Pick: 40th overall
George McGinnis;1973 / Round: 2 / Pick: 22nd overall;6 ft 8 in (2.03 m);235 lb (107 kg);American;Indiana (1970–1971);George Washington (Indianapolis, Indiana);1971–1982;Power forward / Center;1973 ; Round: 2 ; Pick: 22nd overall
George Mikan;;6 ft 10 in (2.08 m);245 lb (111 kg);American;DePaul (1942–1946);Joliet Catholic (Joliet, Illinois);1946–1956;Center;;;
George Yardley;1950 / Round: 1 / Pick: 7th overall;6 ft 5 in (1.96 m);190 lb (86 kg);American;Stanford (1947–1950);Newport Harbor (Newport Beach, California);1953–1962;Forward / Guard;1950 ; Round: 1 ; Pick: 7th overall
Gerald Wallace;2001 / Round: 1 / Pick: 25th overall;6 ft 7 in (2.01 m);220 lb (100 kg);American;Alabama (2000–2001);Childersburg (Childersburg, Alabama);2001–present;Small forward;2001 ; Round: 1 ; Pick: 25th overall
Gilbert Arenas;2001 / Round: 2 / Pick: 31st overall;6 ft 3 in (1.91 m);191 lb (87 kg);American;Arizona (1999–2001);Grant (Los Angeles, California);2001–2013;Point guard;2001 ; Round: 2 ; Pick: 31st overall
Glen Rice;1989 / Round: 1 / Pick: 4th overall;6 ft 8 in (2.03 m);228 lb (103 kg);American;Michigan (1985–1989);Flint Northwestern (Flint, Michigan);1989–2004;Small forward;1989 ; Round: 1 ; Pick: 4th overall
Glenn Robinson;1994 / Round: 1 / Pick: 1st overall;6 ft 7 in (2.01 m);240 lb (109 kg);American;Purdue (1992–1994);Roosevelt (Gary, Indiana);1994–2005;Small forward;1994 ; Round: 1 ; Pick: 1st overall
Grant Hill;1994 / Round: 1 / Pick: 3rd overall;6 ft 8 in (2.03 m);225 lb (102 kg);American;Duke (1990–1994);South Lakes (Reston, Virginia);1994–2013;Small forward;1994 ; Round: 1 ; Pick: 3rd overall
Gus Johnson;1963 / Round: 2 / Pick: 10th overall;6 ft 6 in (1.98 m);230 lb (104 kg);American;Boise State (1961–1962) Idaho (1962–1963);Central (Akron, Ohio);1963–1973;Forward / Center;1963 ; Round: 2 ; Pick: 10th overall
Gus Williams;1975 / Round: 2 / Pick: 20th overall;6 ft 2 in (1.88 m);175 lb (79 kg);American;USC (1972–1975);Mount Vernon (Mount Vernon, New York);1975–1987;Point guard;1975 ; Round: 2 ; Pick: 20th overall
Guy Rodgers;1958 / Pick: Territorial;6 ft 0 in (1.83 m);185 lb (84 kg);American;Temple (1955–1958);Northeast (Philadelphia, Pennsylvania);1958–1970;Point guard;1958 ; Pick: Territorial;
Hakeem Olajuwon;1984 / Round: 1 / Pick: 1st overall;6 ft 11 in (2.11 m);255 lb (116 kg);Nigerian / American;Houston (1981–1984);;1984–2002;Center;1984 ; Round: 1 ; Pick: 1st overall
Hal Greer;1958 / Round: 2 / Pick: 13th overall;6 ft 2 in (1.88 m);175 lb (79 kg);American;Marshall (1955–1958);Douglass (Huntington, West Virginia);1958–1973;Guard / Forward;1958 ; Round: 2 ; Pick: 13th overall
Harry Gallatin;1948 / Round: – / Pick: –;6 ft 6 in (1.98 m);210 lb (95 kg);American;Truman (1946–1948);Roxana (Roxana, Illinois);1948–1958;Forward / Center;1948 ; Round: – ; Pick: –
Hersey Hawkins;1988 / Round: 1 / Pick: 6th overall;6 ft 3 in (1.91 m);190 lb (86 kg);American;Bradley (1984–1988);Westinghouse (Chicago, Illinois);1988–2001;Shooting guard;1988 ; Round: 1 ; Pick: 6th overall
Horace Grant;1987 / Round: 1 / Pick: 10th overall;6 ft 10 in (2.08 m);245 lb (111 kg);American;Clemson (1983–1987);Hancock Central (Sparta, Georgia);1987–2004;Power forward / Center;1987 ; Round: 1 ; Pick: 10th overall
Isaiah Thomas;2011 / Round: 2 / Pick: 60th overall;5 ft 9 in (1.75 m);185 lb (84 kg);American;Washington (2008–2011);Curtis (University Place, Washington) South Kent School (South Kent, Connecticut);2011–present;Point guard;2011 ; Round: 2 ; Pick: 60th overall
Isiah Thomas;1981 / Round: 1 / Pick: 2nd overall;6 ft 1 in (1.85 m);180 lb (82 kg);American;Indiana (1979–1981);St. Joseph (Westchester, Illinois);1981–1994;Point guard;1981 ; Round: 1 ; Pick: 2nd overall
Jack Coleman;1949 / Round: 2;6 ft 7 in (2.01 m);195 lb (88 kg);American;Louisville (1946–1949);;1949–1958;Power forward / Center;1949 ; Round: 2;
Jack George;1953 / Round: 13 / Pick: 102nd overall;6 ft 2 in (1.88 m);190 lb (86 kg);American;La Salle (1949–1951);St. John's College (Washington, D.C.);1953–1961;Guard;1953 ; Round: 13 ; Pick: 102nd overall
Jack Marin;1966 / Round: 1 / Pick: 5th overall;6 ft 7 in (2.01 m);200 lb (91 kg);American;Duke (1963–1966);Farrell (Farrell, Pennsylvania);1966–1977;Small forward / Guard;1966 ; Round: 1 ; Pick: 5th overall
Jack Sikma;1977 / Round: 1 / Pick: 8th overall;6 ft 11 in (2.11 m);230 lb (104 kg);American;Illinois Wesleyan (1973–1977);Saint Anne (Saint Anne, Illinois);1977–1991;Center / Power forward;1977 ; Round: 1 ; Pick: 8th overall
Jack Twyman;1955 / Round: 2 / Pick: 8th overall;6 ft 6 in (1.98 m);210 lb (95 kg);American;Cincinnati (1951–1955);Central Catholic (Pittsburgh, Pennsylvania);1955–1966;Forward;1955 ; Round: 2 ; Pick: 8th overall
Jamaal Magloire;2000 / Round: 1 / Pick: 19th overall;6 ft 11 in (2.11 m);265 lb (120 kg);Canadian;Kentucky (1996–2000);Eastern Commerce (Toronto, Ontario);2000–2012;Center;2000 ; Round: 1 ; Pick: 19th overall
Jamaal Wilkes;1974 / Round: 1 / Pick: 11th overall;6 ft 6 in (1.98 m);190 lb (86 kg);American;UCLA (1971–1974);Ventura (Ventura, California) Santa Barbara (Santa Barbara, California);1974–1985;Small forward;1974 ; Round: 1 ; Pick: 11th overall
Jamal Mashburn;1993 / Round: 1 / Pick: 4th overall;6 ft 8 in (2.03 m);240 lb (109 kg);American;Kentucky (1990–1993);Cardinal Hayes (The Bronx, New York);1993–2004;Small forward;1993 ; Round: 1 ; Pick: 4th overall
Jameer Nelson;2004 / Round: 1 / Pick: 20th overall;6 ft 0 in (1.83 m);190 lb (86 kg);American;Saint Joseph's (2000–2004);Chester (Chester, Pennsylvania);2004–present;Point guard;2004 ; Round: 1 ; Pick: 20th overall
James Donaldson;1979 / Round: 4 / Pick: 73rd overall;7 ft 2 in (2.18 m);275 lb (125 kg);English / American;Washington State (1975–1979);Luther Burbank (Sacramento, California);1979–1999;Center;1979 ; Round: 4 ; Pick: 73rd overall
James Harden;2009 / Round: 1 / Pick: 3rd overall;6 ft 5 in (1.96 m);220 lb (100 kg);American;Arizona State (2007–2009);Artesia (Lakewood, California);2009–present;Shooting guard;2009 ; Round: 1 ; Pick: 3rd overall
James Worthy;1982 / Round: 1 / Pick: 1st overall;6 ft 9 in (2.06 m);225 lb (102 kg);American;North Carolina (1979–1982);Ashbrook (Gastonia, North Carolina);1982–1994;Small forward;1982 ; Round: 1 ; Pick: 1st overall
Jason Kidd;1994 / Round: 1 / Pick: 2nd overall;6 ft 4 in (1.93 m);210 lb (95 kg);American;California (1992–1994);St. Joseph Notre Dame (Alameda, California);1994–2013;Point guard / Shooting guard;1994 ; Round: 1 ; Pick: 2nd overall
Jayson Williams;1990 / Round: 1 / Pick: 21st overall;6 ft 10 in (2.08 m);245 lb (111 kg);American;St. John's (1987–1990);Christ the King (Queens, New York);1990–2005;Power forward / Center;1990 ; Round: 1 ; Pick: 21st overall
Jeff Hornacek;1986 / Round: 2 / Pick: 46th overall;6 ft 4 in (1.93 m);190 lb (86 kg);American;Iowa State (1982–1986);Lyons Township (La Grange, Illinois);1986–2000;Shooting guard;1986 ; Round: 2 ; Pick: 46th overall
Jeff Malone;1983 / Round: 1 / Pick: 10th overall;6 ft 4 in (1.93 m);205 lb (93 kg);American;Mississippi State (1979–1983);Southwest (Macon, Georgia);;Shooting guard;1983 ; Round: 1 ; Pick: 10th overall
Jeff Mullins;1964 / Round: 1 / Pick: 5th overall;6 ft 4 in (1.93 m);190 lb (86 kg);American;Duke (1961–1964);Lafayette (Lexington, Kentucky);1964–1976;Guard / Forward;1964 ; Round: 1 ; Pick: 5th overall
Jeff Ruland;1980 / Round: 2 / Pick: 25th overall;6 ft 11 in (2.11 m);240 lb (109 kg);American;Iona (1977–1980);Sachem (Lake Ronkonkoma, New York);1980–1993;Center;1980 ; Round: 2 ; Pick: 25th overall
Jeff Teague;2009 / Round: 1 / Pick: 19th overall;6 ft 2 in (1.88 m);186 lb (84 kg);American;Wake Forest (2007–2009);Pike (Indianapolis, Indiana);2009–present;Point guard;2009 ; Round: 1 ; Pick: 19th overall
Jermaine O'Neal;1996 / Round: 1 / Pick: 17th overall;6 ft 11 in (2.11 m);255 lb (116 kg);American;;Eau Claire (Columbia, South Carolina);1996–2014;Center / Power forward;1996 ; Round: 1 ; Pick: 17th overall
Jerry Lucas;1962 / Pick: Territorial;6 ft 8 in (2.03 m);230 lb (104 kg);American;Ohio State (1959–1962);Middletown (Middletown, Ohio);1962–1974;Power forward / Center;1962 ; Pick: Territorial;
Jerry Sloan;1965 / Round: 1 / Pick: 4th overall;6 ft 5 in (1.96 m);195 lb (88 kg);American;Evansville (1962–1965);McLeansboro (McLeansboro, Illinois);1965–1976;Guard / Forward;1965 ; Round: 1 ; Pick: 4th overall
Jerry Stackhouse;1995 / Round: 1 / Pick: 3rd overall;6 ft 6 in (1.98 m);218 lb (99 kg);American;North Carolina (1993–1995);Kinston (Kinston, North Carolina) Oak Hill Academy (Mouth of Wilson, Virginia);1995–2013;Shooting guard / Small forward;1995 ; Round: 1 ; Pick: 3rd overall
Jerry West;1960 / Round: 1 / Pick: 2nd overall;6 ft 4 in (1.93 m);185 lb (84 kg);American;West Virginia (1957–1960);East Bank (East Bank, West Virginia);1960–1974;Guard;1960 ; Round: 1 ; Pick: 2nd overall
Jim King;1963 / Round: 2 / Pick: 13th overall;6 ft 2 in (1.88 m);175 lb (79 kg);;Tulsa (1960–1963);Fort Smith (Fort Smith, Arkansas);1963–1973;Point guard;1963 ; Round: 2 ; Pick: 13th overall
Jim Paxson;1979 / Round: 1 / Pick: 12th overall;6 ft 6 in (1.98 m);200 lb (91 kg);American;Dayton (1975–1979);Archbishop Alter (Kettering, Ohio);1979–1990;Shooting guard / Small forward;1979 ; Round: 1 ; Pick: 12th overall
Jim Pollard;1947 / Round: – / Pick: –;6 ft 4 in (1.93 m);185 lb (84 kg);American;Stanford (1941–1942);Oakland Tech (Oakland, California);1947–1955;Forward / Center;1947 ; Round: – ; Pick: –
Jim Price;1972 / Round: 2 / Pick: 16th overall;6 ft 3 in (1.91 m);195 lb (88 kg);American;Louisville (1969–1972);Arsenal Technical (Indianapolis, Indiana);1972–1979;Guard;1972 ; Round: 2 ; Pick: 16th overall
Jimmy Butler;2011 / Round: 1 / Pick: 30th overall;6 ft 7 in (2.01 m);220 lb (100 kg);American;Tyler JC (2007–2008) Marquette (2008–2011);Tomball (Tomball, Texas);2011–present;Shooting guard / Small forward;2011 ; Round: 1 ; Pick: 30th overall
Jimmy Walker;1967 / Round: 1 / Pick: 1st overall;6 ft 3 in (1.91 m);195 lb (88 kg);American;Providence (1964–1967);Laurinburg Institute (Laurinburg, North Carolina);1967–1976;Shooting guard;1967 ; Round: 1 ; Pick: 1st overall
Jo Jo White;1969 / Round: 1 / Pick: 9th overall;6 ft 3 in (1.91 m);197 lb (89 kg);American;Kansas (1965–1969);McKinley (St. Louis, Missouri);1969–1981;Point guard;1969 ; Round: 1 ; Pick: 9th overall
Joakim Noah;2007 / Round: 1 / Pick: 9th overall;6 ft 11 in (2.11 m);232 lb (105 kg);;Florida (2004–2007);United Nations International (New York City, New York) Poly Prep (Brooklyn, New York) Lawrenceville (Lawrenceville, New Jersey);2007–present;Center;2007 ; Round: 1 ; Pick: 9th overall
Joe Barry Carroll;1980 / Round: 1 / Pick: 1st overall;7 ft 1 in (2.16 m);255 lb (116 kg);American;Purdue (1976–1980);East (Denver, Colorado);1980–1991;Center;1980 ; Round: 1 ; Pick: 1st overall
Joe Caldwell;1964 / Round: 1 / Pick: 2nd overall;6 ft 5 in (1.96 m);195 lb (88 kg);American;Arizona State (1961–1964);John C. Fremont (Los Angeles, California);1964–1975;Small forward / Guard;1964 ; Round: 1 ; Pick: 2nd overall
Joe Dumars;1985 / Round: 1 / Pick: 18th overall;6 ft 3 in (1.91 m);190 lb (86 kg);American;McNeese State (1981–1985);Natchitoches Central (Natchitoches, Louisiana);1985–1999;Guard;1985 ; Round: 1 ; Pick: 18th overall
Joe Fulks;;6 ft 5 in (1.96 m);190 lb (86 kg);American;Murray State (1941–1943);Kuttawa (Kuttawa, Kentucky);1946–1954;Small forward;;;
Joe Johnson;2001 / Round: 1 / Pick: 10th overall;6 ft 7 in (2.01 m);240 lb (109 kg);American;Arkansas (1999–2001);Little Rock Central (Little Rock, Arkansas);2001–present;Shooting guard / Small forward;2001 ; Round: 1 ; Pick: 10th overall
John Block;1966 / Round: 3 / Pick: 27th overall;6 ft 9 in (2.06 m);207 lb (94 kg);American;USC (1963–1966);Glendale (Glendale, California);1966–1976;Power forward / Center;1966 ; Round: 3 ; Pick: 27th overall
John Drew;1974 / Round: 2 / Pick: 25th overall;6 ft 6 in (1.98 m);205 lb (93 kg);American;Gardner–Webb (1972–1974);J. F. Shields (Beatrice, Alabama);1974–1986;Small forward / Shooting guard;1974 ; Round: 2 ; Pick: 25th overall
John Havlicek;1962 / Round: 1 / Pick: 7th overall;6 ft 5 in (1.96 m);203 lb (92 kg);American;Ohio State (1959–1962);Bridgeport (Bridgeport, Ohio);1962–1978;Small forward / Shooting guard;1962 ; Round: 1 ; Pick: 7th overall
John Johnson;1970 / Round: 1 / Pick: 7th overall;6 ft 7 in (2.01 m);200 lb (91 kg);American;Northwest CC (1966–1968) Iowa (1968–1970);Messmer (Milwaukee, Wisconsin);1970–1982;Small forward;1970 ; Round: 1 ; Pick: 7th overall
John Starks;1988 / Undrafted;6 ft 3 in (1.91 m);180 lb (82 kg);American;Rogers State CC (1984) Northern Oklahoma (1985) Oklahoma JC (1986–1987) Oklahoma State (1987–1988);Central (Tulsa, Oklahoma);1988–2002;Shooting guard;1988 ; Undrafted;
John Stockton;1984 / Round: 1 / Pick: 16th overall;6 ft 1 in (1.85 m);175 lb (79 kg);American;Gonzaga (1980–1984);Gonzaga Prep (Spokane, Washington);1984–2003;Point guard;1984 ; Round: 1 ; Pick: 16th overall
John Wall;2010 / Round: 1 / Pick: 1st overall;6 ft 4 in (1.93 m);195 lb (88 kg);American;Kentucky (2009–2010);Garner Magnet (Garner, North Carolina) Word of God (Raleigh, North Carolina);2010–present;Point guard;2010 ; Round: 1 ; Pick: 1st overall
Johnny Green;1959 / Round: 1 / Pick: 5th overall;6 ft 5 in (1.96 m);200 lb (91 kg);American;Michigan State (1956–1959);Dunbar (Dayton, Ohio);1959–1973;Small forward;1959 ; Round: 1 ; Pick: 5th overall
Johnny Kerr;1954 / Round: 1 / Pick: 6th overall;6 ft 9 in (2.06 m);230 lb (104 kg);American;Illinois (1951–1954);Tilden (Chicago, Illinois);1954–1966;Center / Power forward;1954 ; Round: 1 ; Pick: 6th overall
Jon McGlocklin;1965 / Round: 3 / Pick: 24th overall;6 ft 5 in (1.96 m);205 lb (93 kg);American;Indiana (1962–1965);Franklin (Franklin, Indiana);1965–1976;Shooting guard / Small forward;1965 ; Round: 3 ; Pick: 24th overall
Josh Howard;2003 / Round: 1 / Pick: 29th overall;6 ft 7 in (2.01 m);210 lb (95 kg);American;Wake Forest (1999–2003);Glenn (Kernersville, North Carolina) Hargrave Military Academy (Chatham, Virginia);2003–present;Small forward / Shooting guard;2003 ; Round: 1 ; Pick: 29th overall
Jrue Holiday;2009 / Round: 1 / Pick: 17th overall;6 ft 4 in (1.93 m);205 lb (93 kg);American;UCLA (2008–2009);Campbell Hall (Studio City, California);2009–present;Point guard;2009 ; Round: 1 ; Pick: 17th overall
Julius Erving;1972 / Round: 1 / Pick: 12th overall;6 ft 7 in (2.01 m);210 lb (95 kg);American;UMass (1968–1971);Roosevelt (Roosevelt, New York);1971–1987;Small forward;1972 ; Round: 1 ; Pick: 12th overall
Juwan Howard;1994 / Round: 1 / Pick: 5th overall;6 ft 9 in (2.06 m);250 lb (113 kg);American;Michigan (1991–1994);Chicago Vocational (Chicago, Illinois);1994–2013;Power forward / Center;1994 ; Round: 1 ; Pick: 5th overall
Kareem Abdul-Jabbar;1969 / Round: 1 / Pick: 1st overall;7 ft 2 in (2.18 m);225 lb (102 kg);American;UCLA (1966–1969);Power Memorial (Manhattan, New York);1969–1989;Center;1969 ; Round: 1 ; Pick: 1st overall
Karl Malone;1985 / Round: 1 / Pick: 13th overall;6 ft 9 in (2.06 m);253 lb (115 kg);American;Louisiana Tech (1982–1985);Summerfield (Summerfield, Louisiana);1985–2004;Power forward;1985 ; Round: 1 ; Pick: 13th overall
Kawhi Leonard;2011 / Round: 1 / Pick: 15th overall;6 ft 7 in (2.01 m);230 lb (104 kg);American;San Diego State (2009–2011);Canyon Springs (Moreno Valley, California) Martin Luther King (Riverside, California);2011–present;Small forward;2011 ; Round: 1 ; Pick: 15th overall
Kelly Tripucka;1981 / Round: 1 / Pick: 12th overall;6 ft 6 in (1.98 m);220 lb (100 kg);American;Notre Dame (1977–1981);Bloomfield (Bloomfield, New Jersey);1981–1992;Small forward / Shooting guard;1981 ; Round: 1 ; Pick: 12th overall
Ken Sears;1955 / Round: 1 / Pick: 4th overall;6 ft 9 in (2.06 m);198 lb (90 kg);American;Santa Clara (1951–1955);Watsonville (Watsonville, California);1955–1964;Power forward, Small forward;1955 ; Round: 1 ; Pick: 4th overall
Kenny Anderson;1991 / Round: 1 / Pick: 2nd overall;6 ft 0 in (1.83 m);168 lb (76 kg);American;Georgia Tech (1989–1991);Archbishop Molloy (New York City, New York);1991–2006;Point guard;1991 ; Round: 1 ; Pick: 2nd overall
Kenyon Martin;2000 / Round: 1 / Pick: 1st overall;6 ft 9 in (2.06 m);225 lb (102 kg);American;Cincinnati (1996–2000);Bryan Adams (Dallas, Texas);2000–2015;Power forward;2000 ; Round: 1 ; Pick: 1st overall
Kermit Washington;1973 / Round: 1 / Pick: 5th overall;6 ft 8 in (2.03 m);230 lb (104 kg);American;American (1970–1973);Coolidge (Washington, D.C.);1973–1987;Power forward;1973 ; Round: 1 ; Pick: 5th overall
Kevin Duckworth;1986 / Round: 2 / Pick: 33rd overall;7 ft 0 in (2.13 m);275 lb (125 kg);American;Eastern Illinois (1982–1986);Thornridge (Dolton, Illinois);1986–1997;Center;1986 ; Round: 2 ; Pick: 33rd overall
Kevin Durant;2007 / Round: 1 / Pick: 2nd overall;6 ft 9 in (2.06 m);240 lb (109 kg);American;Texas (2006–2007);Montrose Christian School (Rockville, Maryland) Oak Hill Academy (Mouth of Wilson, Virginia) National Christian Academy (Fort Washington, Maryland);2007–present;Small forward;2007 ; Round: 1 ; Pick: 2nd overall
Kevin Garnett;1995 / Round: 1 / Pick: 5th overall;6 ft 11 in (2.11 m);240 lb (109 kg);American;;Mauldin (Mauldin, South Carolina) Farragut Academy (Chicago, Illinois);1995–present;Power forward / Center;1995 ; Round: 1 ; Pick: 5th overall
Kevin Johnson;1987 / Round: 1 / Pick: 7th overall;6 ft 1 in (1.85 m);180 lb (82 kg);American;California (1983–1987);Sacramento (Sacramento, California);1987–2000;Point guard;1987 ; Round: 1 ; Pick: 7th overall
Kevin Love;2008 / Round: 1 / Pick: 5th overall;6 ft 10 in (2.08 m);251 lb (114 kg);American;UCLA (2007–2008);Lake Oswego (Lake Oswego, Oregon);2008–present;Power forward / Center;2008 ; Round: 1 ; Pick: 5th overall
Kevin McHale;1980 / Round: 1 / Pick: 3rd overall;6 ft 10 in (2.08 m);210 lb (95 kg);American;Minnesota (1976–1980);Hibbing (Hibbing, Minnesota);1980–1993;Power forward;1980 ; Round: 1 ; Pick: 3rd overall
Kevin Willis;1984 / Round: 1 / Pick: 11th overall;7 ft 0 in (2.13 m);245 lb (111 kg);American;Jackson College (1980–1981) Michigan State (1981–1984);Pershing (Detroit, Michigan);1984–2007;Power forward / Center;1984 ; Round: 1 ; Pick: 11th overall
Kiki Vandeweghe;1980 / Round: 1 / Pick: 11th overall;6 ft 8 in (2.03 m);220 lb (100 kg);American / Canadian;UCLA (1976–1980);Palisades (Los Angeles, California);1980–1993;Small forward;1980 ; Round: 1 ; Pick: 11th overall
Klay Thompson;2011 / Round: 1 / Pick: 11th overall;6 ft 7 in (2.01 m);215 lb (98 kg);American;Washington State (2008–2011);Santa Margarita Catholic (Rancho Santa Margarita, California);2011–present;Shooting guard;2011 ; Round: 1 ; Pick: 11th overall
Kobe Bryant;1996 / Round: 1 / Pick: 13th overall;6 ft 6 in (1.98 m)[a];212 lb (96 kg);American;;Lower Merion (Ardmore, Pennsylvania);1996–present;Shooting guard / Small forward;1996 ; Round: 1 ; Pick: 13th overall
Kyle Korver;2003 / Round: 2 / Pick: 51st overall;6 ft 7 in (2.01 m);212 lb (96 kg);American;Creighton (1999–2003);Pella (Pella, Iowa);2003–present;Shooting guard / Small forward;2003 ; Round: 2 ; Pick: 51st overall
Kyle Lowry;2006 / Round: 1 / Pick: 24th overall;6 ft 0 in (1.83 m);205 lb (93 kg);American;Villanova (2004–2006);Cardinal Dougherty (Philadelphia, Pennsylvania);2006–present;Point guard;2006 ; Round: 1 ; Pick: 24th overall
Kyrie Irving;2011 / Round: 1 / Pick: 1st overall;6 ft 3 in (1.91 m);193 lb (88 kg);American;Duke (2010–2011);Montclair Kimberley Academy (Montclair, New Jersey) St. Patrick (Elizabeth, New Jersey);2011–present;Point guard;2011 ; Round: 1 ; Pick: 1st overall
LaMarcus Aldridge;2006 / Round: 1 / Pick: 2nd overall;6 ft 11 in (2.11 m);240 lb (109 kg);American;Texas (2004–2006);Seagoville (Dallas, Texas);2006–present;Power forward / Center;2006 ; Round: 1 ; Pick: 2nd overall
Larry Bird;1978 / Round: 1 / Pick: 6th overall;6 ft 9 in (2.06 m);220 lb (100 kg);American;Indiana State (1976–1979);Springs Valley (French Lick, Indiana);1979–1992;Forward;1978 ; Round: 1 ; Pick: 6th overall
Larry Costello;1954 / Round: 2 / Pick: 12th overall;6 ft 1 in (1.85 m);186 lb (84 kg);American;Niagara (1951–1954);Minoa (Minoa, New York);1954–1968;Point guard;1954 ; Round: 2 ; Pick: 12th overall
Larry Foust;1950 / Round: 1 / Pick: 5th overall;6 ft 9 in (2.06 m);215 lb (98 kg);American;La Salle (1946–1950);South Catholic (Philadelphia, Pennsylvania);1950–1962;Power forward / Center;1950 ; Round: 1 ; Pick: 5th overall
Larry Johnson;1991 / Round: 1 / Pick: 1st overall;6 ft 6 in (1.98 m);250 lb (113 kg);American;Odessa College (1987–1989) UNLV (1989–1991);Skyline (Dallas, Texas);1991–2001;Power forward;1991 ; Round: 1 ; Pick: 1st overall
Larry Kenon;1973 / Round: 3 / Pick: 50th overall;6 ft 9 in (2.06 m);205 lb (93 kg);American;Amarillo JC (1970–1972) Memphis (1972–1973);Ullman (Birmingham, Alabama);1973–1983;Power forward;1973 ; Round: 3 ; Pick: 50th overall
Larry Nance;1981 / Round: 1 / Pick: 20th overall;6 ft 10 in (2.08 m);205 lb (93 kg);American;Clemson (1977–1981);McDuffie (Anderson, South Carolina);1981–1994;Forward;1981 ; Round: 1 ; Pick: 20th overall
Latrell Sprewell;1992 / Round: 1 / Pick: 24th overall;6 ft 5 in (1.96 m);195 lb (88 kg);American;Three Rivers CC (1988–1990) Alabama (1990–1992);Washington (Milwaukee, Wisconsin);1992–2005;Shooting guard / Small forward;1992 ; Round: 1 ; Pick: 24th overall
LeBron James;2003 / Round: 1 / Pick: 1st overall;6 ft 8 in (2.03 m);250 lb (113 kg);American;;St. Vincent–St. Mary (Akron, Ohio);2003–present;Small forward / Power forward;2003 ; Round: 1 ; Pick: 1st overall
Lee Shaffer;1960 / Round: 1 / Pick: 5th overall;6 ft 7 in (2.01 m);220 lb (100 kg);American;North Carolina (1957–1960);Baldwin (Pittsburgh, Pennsylvania);1961–1964;Small forward;1960 ; Round: 1 ; Pick: 5th overall
Len Chappell;1962 / Round: 1 / Pick: 4th overall;6 ft 8 in (2.03 m);240 lb (109 kg);American;Wake Forest (1959–1962);Portage (Portage, Pennsylvania);1962–1972;Power forward / Center;1962 ; Round: 1 ; Pick: 4th overall
Lenny Wilkens;1960 / Round: 1 / Pick: 6th overall;6 ft 1 in (1.85 m);180 lb (82 kg);American;Providence (1957–1960);Boys (Brooklyn, New York);1960–1975;Point guard;1960 ; Round: 1 ; Pick: 6th overall
Leo Barnhorst;1949 / Round: 2;6 ft 4 in (1.93 m);190 lb (86 kg);American;Notre Dame (1946–1949);Cathedral (Indianapolis, Indiana);1949–1954;Small forward;1949 ; Round: 2;
Lionel Hollins;1975 / Round: 1 / Pick: 6th overall;6 ft 3 in (1.91 m);185 lb (84 kg);American;Dixie State (1971–1973) Arizona State (1973–1975);Rancho (North Las Vegas, Nevada);1975–1985;Point guard;1975 ; Round: 1 ; Pick: 6th overall
Lonnie Shelton;1976 / Round: 2 / Pick: 25th overall;6 ft 8 in (2.03 m);240 lb (109 kg);American;Oregon State (1973–1976);Foothill (Bakersfield, California);1976–1986;Power forward / Center;1976 ; Round: 2 ; Pick: 25th overall
Lou Hudson;1966 / Round: 1 / Pick: 4th overall;6 ft 5 in (1.96 m);210 lb (95 kg);American;Minnesota (1963–1966);James B. Dudley (Greensboro, North Carolina);1966–1979;Shooting guard / Small forward;1966 ; Round: 1 ; Pick: 4th overall
Lucious Jackson;1964 / Round: 1 / Pick: 4th overall;6 ft 9 in (2.06 m);240 lb (109 kg);American;Texas Southern (1960–1961) Texas–Pan American (1961–1964);Morehouse (Bastrop, Louisiana);1964–1972;Power forward / Center;1964 ; Round: 1 ; Pick: 4th overall
Luol Deng;2004 / Round: 1 / Pick: 7th overall;6 ft 9 in (2.06 m);220 lb (100 kg);Sudanese / British;Duke (2003–2004);Blair Academy (Blairstown, New Jersey);2004–present;Small forward;2004 ; Round: 1 ; Pick: 7th overall
Magic Johnson;1979 / Round: 1 / Pick: 1st overall;6 ft 9 in (2.06 m);220 lb (100 kg)[1];American;Michigan State (1977–1979);Everett (Lansing, Michigan);1979–1996;Point guard;1979 ; Round: 1 ; Pick: 1st overall
Manu Ginobili;1999 / Round: 2 / Pick: 57th overall;6 ft 6 in (1.98 m);205 lb (93 kg);Argentine / Italian[1][2];;;1995–present;Shooting guard;1999 ; Round: 2 ; Pick: 57th overall
Marc Gasol;2007 / Round: 2 / Pick: 48th overall;7 ft 1 in (2.16 m);265 lb (120 kg);Spanish;;Lausanne Collegiate School (Memphis, Tennessee);2003–present;Center;2007 ; Round: 2 ; Pick: 48th overall
Mark Aguirre;1981 / Round: 1 / Pick: 1st overall;6 ft 6 in (1.98 m);232 lb (105 kg);American;DePaul (1978–1981);Westinghouse (Chicago, Illinois);1981–1994;Small forward;1981 ; Round: 1 ; Pick: 1st overall
Mark Eaton;1982 / Round: 4 / Pick: 72nd overall;7 ft 4 in (2.24 m);290 lb (132 kg);American;Cypress JC (1978–1980) UCLA (1980–1982);Westminster (Westminster, California);1982–1993;Center;1982 ; Round: 4 ; Pick: 72nd overall
Mark Jackson;1987 / Round: 1 / Pick: 18th overall;6 ft 1 in (1.85 m);180 lb (82 kg);American;St. John's (1983–1987);Bishop Loughlin (Brooklyn, New York);1987–2004;Point guard;1987 ; Round: 1 ; Pick: 18th overall
Mark Price;1986 / Round: 2 / Pick: 25th overall;6 ft 0 in (1.83 m);170 lb (77 kg);American;Georgia Tech (1982–1986);Enid (Enid, Oklahoma);1986–1998;Point guard;1986 ; Round: 2 ; Pick: 25th overall
Marques Johnson;1977 / Round: 1 / Pick: 3rd overall;6 ft 7 in (2.01 m);218 lb (99 kg);American;UCLA (1973–1977);Crenshaw (Los Angeles, California);1977–1989;Small forward;1977 ; Round: 1 ; Pick: 3rd overall
Maurice Cheeks;1978 / Round: 2 / Pick: 36th overall;6 ft 1 in (1.85 m);180 lb (82 kg);American;West Texas A&M (1974–1978);DuSable (Chicago, Illinois);1978–1993;Point guard;1978 ; Round: 2 ; Pick: 36th overall
Maurice Lucas;1974 / Round: 1 / Pick: 14th overall;6 ft 9 in (2.06 m);215 lb (98 kg);American;Marquette (1972–1974);Schenley (Pittsburgh, Pennsylvania);1974–1988;Power forward;1974 ; Round: 1 ; Pick: 14th overall
Maurice Stokes;1955 / Round: 1 / Pick: 2nd overall;6 ft 7 in (2.01 m);232 lb (105 kg);American;Saint Francis (PA) (1951–1955);Westinghouse (Pittsburgh, Pennsylvania);1955–1958;Power forward / Center;1955 ; Round: 1 ; Pick: 2nd overall
Max Zaslofsky;;6 ft 2 in (1.88 m);170 lb (77 kg);American;St. John's (1945–1946);Thomas Jefferson (Brooklyn, New York);1946–1956;Shooting guard;;;
Mehmet Okur;2001 / Round: 2 / Pick: 37th overall;6 ft 11 in (2.11 m);249 lb (113 kg);Turkish;;;1997–2013;Center / Power forward;2001 ; Round: 2 ; Pick: 37th overall
Mel Hutchins;1951 / Round: 1 / Pick: 2nd overall;6 ft 6 in (1.98 m);200 lb (91 kg);American;BYU (1947–1951);Arcadia (Arcadia, California);1951–1958;Power forward / Center;1951 ; Round: 1 ; Pick: 2nd overall
Metta World Peace;1999 / Round: 1 / Pick: 16th overall;6 ft 7 in (2.01 m);260 lb (118 kg);American;St. John's (1997–1999);La Salle Academy (New York City, New York);1999–present;Small forward;1999 ; Round: 1 ; Pick: 16th overall
Michael Adams;1985 / Round: 3 / Pick: 66th overall;5 ft 10 in (1.78 m);162 lb (73 kg);American;Boston College (1981–1985);Hartford Public (Hartford, Connecticut);1985–1996;Point guard;1985 ; Round: 3 ; Pick: 66th overall
Michael Finley;1995 / Round: 1 / Pick: 21st overall;6 ft 7 in (2.01 m);225 lb (102 kg);American;Wisconsin (1991–1995);Proviso East (Maywood, Illinois);1995–2010;Shooting guard / Small forward;1995 ; Round: 1 ; Pick: 21st overall
Michael Jordan;1984 / Round: 1 / Pick: 3rd overall;6 ft 6 in (1.98 m);216 lb (98 kg);American;North Carolina (1981–1984);Emsley A. Laney (Wilmington, North Carolina);1984–1993, 1995–1998, 2001–2003;Shooting guard;1984 ; Round: 1 ; Pick: 3rd overall
Michael Redd;2000 / Round: 2 / Pick: 43rd overall;6 ft 6 in (1.98 m);215 lb (98 kg);American;Ohio State (1997–2000);West (Columbus, Ohio);2000–2012;Shooting guard;2000 ; Round: 2 ; Pick: 43rd overall
Micheal Ray Richardson;1978 / Round: 1 / Pick: 4th overall;6 ft 5 in (1.96 m);189 lb (86 kg);American;Montana (1974–1978);Manual (Denver, Colorado);1978–2002;Point guard / Shooting guard;1978 ; Round: 1 ; Pick: 4th overall
Mike Mitchell;1978 / Round: 1 / Pick: 15th overall;6 ft 7 in (2.01 m);215 lb (98 kg);American;Auburn (1974–1978);Luther Judson Price (Atlanta, Georgia);1978–1999;Small forward;1978 ; Round: 1 ; Pick: 15th overall
Mitch Richmond;1988 / Round: 1 / Pick: 5th overall;6 ft 5 in (1.96 m);215 lb (98 kg);American;Moberly Area CC (1984–1986) Kansas State (1986–1988);Boyd Anderson (Lauderdale Lakes, Florida);1988–2002;Shooting guard;1988 ; Round: 1 ; Pick: 5th overall
Mo Williams;2003 / Round: 2 / Pick: 47th overall;6 ft 1 in (1.85 m);198 lb (90 kg);American;Alabama (2001–2003);Murrah (Jackson, Mississippi);2003–present;Point guard, shooting guard;2003 ; Round: 2 ; Pick: 47th overall
Mookie Blaylock;1989 / Round: 1 / Pick: 12th overall;6 ft 0 in (1.83 m);180 lb (82 kg);American;Midland College (1985–1987) Oklahoma (1987–1989);Garland (Garland, Texas);1989–2002;Point guard;1989 ; Round: 1 ; Pick: 12th overall
Moses Malone;1974 / Undrafted;6 ft 10 in (2.08 m);260 lb (118 kg);American;;Petersburg (Petersburg, Virginia);1974–1995;Center;1974 ; Undrafted;
Nate Archibald;1970 / Round: 2 / Pick: 19th overall;6 ft 1 in (1.85 m);150 lb (68 kg);American;Arizona Western CC (1966–1967) UTEP (1967–1970);DeWitt Clinton (The Bronx, New York);1970–1984;Point guard;1970 ; Round: 2 ; Pick: 19th overall
Nate Thurmond;1963 / Round: 1 / Pick: 3rd overall;6 ft 11 in (2.11 m);225 lb (102 kg);American;Bowling Green (1960–1963);Central (Akron, Ohio);1963–1977;Power forward / Center;1963 ; Round: 1 ; Pick: 3rd overall
Nathaniel Clifton;;6 ft 8 in (2.03 m);225 lb (102 kg);;Xavier (Louisiana) (1942–1943);DuSable (Chicago, Illinois);1945–1961;Center / Forward;;;
Neil Johnston;;6 ft 8 in (2.03 m);210 lb (95 kg);American;Ohio State (1946–1948);Chillicothe (Chillocothe, Ohio);1951–1959;Center;;;
Nick Van Exel;1993 / Round: 2 / Pick: 37th overall;6 ft 1 in (1.85 m);170 lb (77 kg);American;Cincinnati (1992–1993);St. Joseph (Kenosha, Wisconsin);1993–2006;Point guard / Shooting guard;1993 ; Round: 2 ; Pick: 37th overall
Norm Nixon;1977 / Round: 1 / Pick: 22nd overall;6 ft 2 in (1.88 m);170 lb (77 kg);American;Duquesne (1973–1977);Southwest (Macon, Georgia);1977–1989;Point guard;1977 ; Round: 1 ; Pick: 22nd overall
Norm Van Lier;1969 / Round: 3 / Pick: 34th overall;6 ft 1 in (1.85 m);173 lb (78 kg);American;Saint Francis (PA) (1966–1969);Midland (Midland, Pennsylvania);1969–1979;Point guard;1969 ; Round: 3 ; Pick: 34th overall
Oscar Robertson;1960 / Pick: Territorial/1st;6 ft 5 in (1.96 m);220 lb (100 kg);American;Cincinnati (1957–1960);Crispus Attucks (Indianapolis, Indiana);1960–1974;Guard;1960 ; Pick: Territorial;1st
Otis Birdsong;1977 / Round: 1 / Pick: 2nd overall;6 ft 3 in (1.91 m);190 lb (86 kg);American;Houston (1973–1977);Winter Haven (Winter Haven, Florida);1977–1989;Shooting guard / Point guard;1977 ; Round: 1 ; Pick: 2nd overall
Otis Thorpe;1984 / Round: 1 / Pick: 9th overall;6 ft 10 in (2.08 m);245 lb (111 kg);American;Providence (1980–1984);Lake Worth Community (Lake Worth, Florida);1984–2001;Power forward / Center;1984 ; Round: 1 ; Pick: 9th overall
Patrick Ewing;1985 / Round: 1 / Pick: 1st overall;7 ft 0 in (2.13 m);240 lb (109 kg);American / Jamaican;Georgetown (1981–1985);Cambridge Rindge and Latin (Cambridge, Massachusetts);1985–2002;Center;1985 ; Round: 1 ; Pick: 1st overall
Pau Gasol;2001 / Round: 1 / Pick: 3rd overall;7 ft 0 in (2.13 m);250 lb (113 kg);Spanish;;;1998–present;Power forward / Center;2001 ; Round: 1 ; Pick: 3rd overall
Paul Arizin;1950 / Pick: Territorial;6 ft 4 in (1.93 m);190 lb (86 kg);American;Villanova (1947–1950);La Salle (Wyndmoor, Pennsylvania);1950–1965;Forward / Guard;1950 ; Pick: Territorial;
Paul George;2010 / Round: 1 / Pick: 10th overall;6 ft 9 in (2.06 m);220 lb (100 kg);American;Fresno State (2008–2010);Knight (Palmdale, California);2010–present;Forward;2010 ; Round: 1 ; Pick: 10th overall
Paul Millsap;2006 / Round: 2 / Pick: 47th overall;6 ft 8 in (2.03 m);246 lb (112 kg);American;Louisiana Tech (2003–2006);Grambling (Grambling, Louisiana);2006–present;Power forward;2006 ; Round: 2 ; Pick: 47th overall
Paul Pierce;1998 / Round: 1 / Pick: 10th overall;6 ft 7 in (2.01 m);235 lb (107 kg);American;Kansas (1995–1998);Inglewood (Inglewood, California);1998–present;Small forward;1998 ; Round: 1 ; Pick: 10th overall
Paul Seymour;;6 ft 1 in (1.85 m);180 lb (82 kg);American;Toledo (1945–1946);Woodward (Toledo, Ohio);1946–1960;Guard / Forward;;;
Paul Silas;1964 / Round: 2 / Pick: 10th overall;6 ft 7 in (2.01 m);225 lb (102 kg);American;Creighton (1961–1964);McClymonds (Oakland, California);1964–1980;Power forward / Small forward;1964 ; Round: 2 ; Pick: 10th overall
Paul Walther;1949 / Round: -- / Pick: --;6 ft 2 in (1.88 m);160 lb (73 kg);American;Tennessee (1944–1949);Covington Catholic (Park Hills, Kentucky);1949–1955;Guard / Small forward;1949 ; Round: -- ; Pick: --
Paul Westphal;1972 / Round: 1 / Pick: 10th overall;6 ft 4 in (1.93 m);195 lb (88 kg);American;USC (1969–1972);Aviation (Redondo Beach, California);1972–1984;Guard;1972 ; Round: 1 ; Pick: 10th overall
Peja Stojakovic;1996 / Round: 1 / Pick: 14th overall;6 ft 9 in (2.06 m);220 lb (100 kg);Serbian / Greek;;;1992–2011;Small forward;1996 ; Round: 1 ; Pick: 14th overall
Penny Hardaway;1993 / Round: 1 / Pick: 3rd overall;6 ft 7 in (2.01 m);197 lb (89 kg);American;Memphis State (1991–1993);Treadwell (Memphis, Tennessee);1993–2007;Guard / Small forward;1993 ; Round: 1 ; Pick: 3rd overall
Pete Maravich;1970 / Round: 1 / Pick: 3rd overall;6 ft 5 in (1.96 m);197 lb (89 kg);American;LSU (1967–1970);Daniel (Central, South Carolina) Broughton (Raleigh, North Carolina) Edwards Military Institute (Salemburg, North Carolina);1970–1980;Point guard / Shooting guard;1970 ; Round: 1 ; Pick: 3rd overall
Phil Chenier;1971 / Round: Hardship / Pick: 4th overall;6 ft 3 in (1.91 m);180 lb (82 kg);American;California (1969–1971);Berkeley (CA);1971–1981;Point guard;1971 ; Round: Hardship ; Pick: 4th overall
Phil Smith;1974 / Round: 2 / Pick: 29th overall;6 ft 4 in (1.93 m);185 lb (84 kg);American;San Francisco (1971–1974);George Washington (San Francisco, California);1974–1983;Shooting guard;1974 ; Round: 2 ; Pick: 29th overall
Rajon Rondo;2006 / Round: 1 / Pick: 21st overall;6 ft 1 in (1.85 m);186 lb (84 kg);American;Kentucky (2004–2006);Eastern (Middletown, Kentucky) Oak Hill Academy (Mouth of Wilson, Virginia);2006–present;Point guard;2006 ; Round: 1 ; Pick: 21st overall
Ralph Beard;1949 / Round: 2;5 ft 10 in (1.78 m);175 lb (79 kg);American;Kentucky (1945–1949);Louisville Male (Louisville, Kentucky);1949–1951;Guard;1949 ; Round: 2;
Ralph Sampson;1983 / Round: 1 / Pick: 1st overall;7 ft 4 in (2.24 m);228 lb (103 kg);American;Virginia (1979–1983);Harrisonburg (Harrisonburg, Virginia);1983–1995;Center / Power forward;1983 ; Round: 1 ; Pick: 1st overall
Randy Smith;1971 / Round: 7 / Pick: 104th overall;6 ft 3 in (1.91 m);180 lb (82 kg);American;Buffalo State (1968–1971);Bellport (Brookhaven, New York);1971–1983;Guard / Small forward;1971 ; Round: 7 ; Pick: 104th overall
Rashard Lewis;1998 / Round: 2 / Pick: 32nd overall;6 ft 10 in (2.08 m);235 lb (107 kg);American;;Alief Elsik (Houston, Texas);1998–present;Forward;1998 ; Round: 2 ; Pick: 32nd overall
Rasheed Wallace;1995 / Round: 1 / Pick: 4th overall;6 ft 11 in (2.11 m);230 lb (104 kg);American;North Carolina (1993–1995);Simon Gratz (Philadelphia, Pennsylvania);1995–2013;Power forward / Center;1995 ; Round: 1 ; Pick: 4th overall
Ray Allen;1996 / Round: 1 / Pick: 5th overall;6 ft 5 in (1.96 m);205 lb (93 kg);American;Connecticut (1993–1996);Hillcrest (Dalzell, South Carolina);1996–present;Shooting guard;1996 ; Round: 1 ; Pick: 5th overall
Ray Felix;1953 / Round: 1 / Pick: 1st overall;6 ft 11 in (2.11 m);220 lb (100 kg);American;LIU Brooklyn (1949–1951);Metropolitan (New York City, New York);1953–1962;Center;1953 ; Round: 1 ; Pick: 1st overall
Red Rocha;1947 / Round: -- / Pick: --;6 ft 9 in (2.06 m);185 lb (84 kg);American;Oregon State (1944–1947);Hilo (Hilo, Hawaii);1947–1957;Center / Forward;1947 ; Round: -- ; Pick: --
Reggie Lewis;1987 / Round: 1 / Pick: 22nd overall;6 ft 7 in (2.01 m);195 lb (88 kg);American;Northeastern (1983–1987);Paul Laurence Dunbar (Baltimore, Maryland);1987–1993;Small forward;1987 ; Round: 1 ; Pick: 22nd overall
Reggie Miller;1987 / Round: 1 / Pick: 11th overall;6 ft 7 in (2.01 m);195 lb (88 kg);American;UCLA (1983–1987);Riverside Polytechnic (Riverside, California);1987–2005;Shooting guard;1987 ; Round: 1 ; Pick: 11th overall
Reggie Theus;1978 / Round: 1 / Pick: 9th overall;6 ft 7 in (2.01 m);190 lb (86 kg);American;UNLV (1975–1978);Inglewood (Inglewood, California);1978–1993;Shooting guard;1978 ; Round: 1 ; Pick: 9th overall
Richard Hamilton;1999 / Round: 1 / Pick: 7th overall;6 ft 7 in (2.01 m);193 lb (88 kg);American;Connecticut (1996–1999);Coatesville Area (Coatesville, Pennsylvania);1999–2013;Shooting guard / Small forward;1999 ; Round: 1 ; Pick: 7th overall
Richie Guerin;1954 / Round: 2 / Pick: 17th overall;6 ft 4 in (1.93 m);195 lb (88 kg);American;Iona (1951–1954);Mount Saint Michael Academy (Bronx, New York);1956–1970;Guard;1954 ; Round: 2 ; Pick: 17th overall
Richie Regan;1953 / Round: 1 / Pick: 4th overall;6 ft 2 in (1.88 m);180 lb (82 kg);American;Seton Hall (1950–1953);West Side (Newark, New Jersey);1955–1959;Guard;1953 ; Round: 1 ; Pick: 4th overall
Rick Barry;1965 / Round: 1 / Pick: 2nd overall;6 ft 7 in (2.01 m);205 lb (93 kg);American;Miami (Florida) (1962–1965);Roselle Park (Roselle Park, New Jersey);1965–1980;Small forward;1965 ; Round: 1 ; Pick: 2nd overall
Rickey Green;1977 / Round: 1 / Pick: 16th overall;6 ft 0 in (1.83 m);170 lb (77 kg);American;Vincennes (1973–1975) Michigan (1975–1977);Hirsch Metropolitan (Chicago, Illinois);1977–1992;Point guard;1977 ; Round: 1 ; Pick: 16th overall
Ricky Pierce;1982 / Round: 1 / Pick: 18th overall;6 ft 4 in (1.93 m);205 lb (93 kg);American;Walla Walla CC (1978–1979) Rice (1979–1982);Garland (Garland, Texas);1982–1998;Shooting guard / Small forward;1982 ; Round: 1 ; Pick: 18th overall
Rik Smits;1988 / Round: 1 / Pick: 2nd overall;7 ft 4 in (2.24 m);250 lb (113 kg);Dutch;Marist (1984–1988);;1988–2000;Center;1988 ; Round: 1 ; Pick: 2nd overall
Robert Parish;1976 / Round: 1 / Pick: 8th overall;7 ft 0 in (2.13 m);230 lb (104 kg);American;Centenary (1972–1976);Woodlawn (Shreveport, Louisiana);1976–1997;Center;1976 ; Round: 1 ; Pick: 8th overall
Rod Hundley;1957 / Round: 1 / Pick: 1st overall;6 ft 4 in (1.93 m);185 lb (84 kg);American;West Virginia (1954–1957);Charleston (Charleston, West Virginia);1957–1963;Guard;1957 ; Round: 1 ; Pick: 1st overall
Rolando Blackman;1981 / Round: 1 / Pick: 9th overall;6 ft 6 in (1.98 m);190 lb (86 kg);American;Kansas State (1977–1981);William E. Grady (Brooklyn, New York);1981–1997;Shooting guard;1981 ; Round: 1 ; Pick: 9th overall
Roy Hibbert;2008 / Round: 1 / Pick: 17th overall;7 ft 2 in (2.18 m);270 lb (122 kg);American / Jamaican;Georgetown (2004–2008);Georgetown Prep (North Bethesda, Maryland);2008–present;Center;2008 ; Round: 1 ; Pick: 17th overall
Rudy LaRusso;1959 / Round: 2 / Pick: 10th overall;6 ft 7 in (2.01 m);220 lb (100 kg);American;Dartmouth (1956–1959);James Madison (Brooklyn, New York);1959–1969;Power forward / Center;1959 ; Round: 2 ; Pick: 10th overall
Rudy Tomjanovich;1970 / Round: 1 / Pick: 2nd overall;6 ft 8 in (2.03 m);228 lb (103 kg);American;Michigan (1967–1970);Hamtramck (Hamtramck, Michigan);1970–1981;Forward;1970 ; Round: 1 ; Pick: 2nd overall
Russell Westbrook;2008 / Round: 1 / Pick: 4th overall;6 ft 3 in (1.91 m);200 lb (91 kg);American;UCLA (2006–2008);Leuzinger (Lawndale, California);2008–present;Point guard;2008 ; Round: 1 ; Pick: 4th overall
Sam Cassell;1993 / Round: 1 / Pick: 24th overall;6 ft 3 in (1.91 m);185 lb (84 kg);American;San Jacinto (1989–1991) Florida State (1991–1993);Paul Laurence Dunbar (Baltimore, Maryland) Maine Central Institute (Pittsfield, Maine);1993–2008;Point guard;1993 ; Round: 1 ; Pick: 24th overall
Sam Jones;1957 / Round: 1 / Pick: 8th overall;6 ft 4 in (1.93 m);198 lb (90 kg);American;North Carolina Central (1951–1954, 1956–1957);Laurinburg Institute (Laurinburg, North Carolina);1957–1969;Shooting guard;1957 ; Round: 1 ; Pick: 8th overall
Sam Lacey;1970 / Round: 1 / Pick: 5th overall;6 ft 10 in (2.08 m);235 lb (107 kg);American;New Mexico State (1967–1970);Gentry (Indianola, Mississippi);1970–1983;Center;1970 ; Round: 1 ; Pick: 5th overall
Scott Wedman;1974 / Round: 1 / Pick: 6th overall;6 ft 7 in (2.01 m);215 lb (98 kg);American;Colorado (1971–1974);Mullen (Denver, Colorado);1974–1986;Small forward;1974 ; Round: 1 ; Pick: 6th overall
Scottie Pippen;1987 / Round: 1 / Pick: 5th overall;6 ft 8 in (2.03 m);228 lb (103 kg);American;Central Arkansas (1983–1987);Hamburg (Hamburg, Arkansas);1987–2008;Small forward;1987 ; Round: 1 ; Pick: 5th overall
Sean Elliott;1989 / Round: 1 / Pick: 3rd overall;6 ft 8 in (2.03 m);220 lb (100 kg);American;Arizona (1985–1989);Cholla (Tucson, Arizona);1989–2001;Small forward;1989 ; Round: 1 ; Pick: 3rd overall
Shaquille O'Neal;1992 / Round: 1 / Pick: 1st overall;7 ft 1 in (2.16 m);325 lb (147 kg);American;LSU (1989–1992);Robert G. Cole (San Antonio, Texas);1992–2011;Center;1992 ; Round: 1 ; Pick: 1st overall
Shareef Abdur-Rahim;1996 / Round: 1 / Pick: 3rd overall;6 ft 9 in (2.06 m);225 lb (102 kg);American;California (1995–1996);Joseph Wheeler (Marietta, Georgia);1996–2008;Power forward / Small forward;1996 ; Round: 1 ; Pick: 3rd overall
Shawn Kemp;1989 / Round: 1 / Pick: 17th overall;6 ft 10 in (2.08 m);230 lb (104 kg);American;Trinity Valley CC;Concord (Elkhart, Indiana);1989–2003;Power forward;1989 ; Round: 1 ; Pick: 17th overall
Shawn Marion;1999 / Round: 1 / Pick: 9th overall;6 ft 7 in (2.01 m);228 lb (103 kg);American;Vincennes (1996–1998) UNLV (1998–1999);Clarksville (Clarksville, Tennessee);1999–2015;Small forward / Power forward;1999 ; Round: 1 ; Pick: 9th overall
Sidney Moncrief;1979 / Round: 1 / Pick: 5th overall;6 ft 4 in (1.93 m);190 lb (86 kg);American;Arkansas (1975–1979);Hall (Little Rock, Arkansas);1979–1991;Guard;1979 ; Round: 1 ; Pick: 5th overall
Sidney Wicks;1971 / Round: 1 / Pick: 2nd overall;6 ft 8 in (2.03 m);225 lb (102 kg);American;Santa Monica (1967–1968) UCLA (1968–1971);Alexander Hamilton (Los Angeles, California);1971–1982;Power forward / Center;1971 ; Round: 1 ; Pick: 2nd overall
Slater Martin;;5 ft 10 in (1.78 m);170 lb (77 kg);American;Texas (1943–1944, 1946–1949);Jefferson Davis (Houston, Texas);1949–1960;Point guard;;;
Sleepy Floyd;1982 / Round: 1 / Pick: 13th overall;6 ft 3 in (1.91 m);172 lb (78 kg);American;Georgetown (1978–1982);Hunter Huss (Gastonia, North Carolina);1982–1995;Point guard;1982 ; Round: 1 ; Pick: 13th overall
Spencer Haywood;1971 / Round: 2 / Pick: 30th overall;6 ft 8 in (2.03 m);225 lb (102 kg);American;Trinidad State JC (1967–1968) Detroit (1968–1969);Pershing (Detroit, Michigan);1969–1983;Power forward / Center;1971 ; Round: 2 ; Pick: 30th overall
Stephen Curry;2009 / Round: 1 / Pick: 7th overall;6 ft 3 in (1.91 m);190 lb (86 kg);American;Davidson (2006–2009);Charlotte Christian (Charlotte, North Carolina);2009–present;Point guard;2009 ; Round: 1 ; Pick: 7th overall
Stephon Marbury;1996 / Round: 1 / Pick: 4th overall;6 ft 2 in (1.88 m);205 lb (93 kg);American;Georgia Tech (1995–1996);Abraham Lincoln (Brooklyn, New York);1996–present;Point guard;1996 ; Round: 1 ; Pick: 4th overall
Steve Francis;1999 / Round: 1 / Pick: 2nd overall;6 ft 3 in (1.91 m);210 lb (95 kg);American;San Jacinto (1996–1997) Allegany College (1997–1998) Maryland (1998–1999);Montgomery Blair (Silver Spring, Maryland);1999–2010;Point guard;1999 ; Round: 1 ; Pick: 2nd overall
Steve Johnson;1981 / Round: 1 / Pick: 7th overall;6 ft 10 in (2.08 m);235 lb (107 kg);American;Oregon State (1976–1981);San Gorgonio (San Bernardino, California);1981–1991;Power forward / Center;1981 ; Round: 1 ; Pick: 7th overall
Steve Mix;1969 / Round: 5 / Pick: 61st overall;6 ft 7 in (2.01 m);215 lb (98 kg);American;Toledo (1966–1969);Rogers (Toledo, Ohio);1969–1983;Power forward;1969 ; Round: 5 ; Pick: 61st overall
Steve Nash;1996 / Round: 1 / Pick: 15th overall;6 ft 3 in (1.91 m);180 lb (82 kg);Canadian;Santa Clara (1992–1996);St. Michaels (Victoria, British Columbia);1996–2015;Point guard;1996 ; Round: 1 ; Pick: 15th overall
Steve Smith;1991 / Round: 1 / Pick: 5th overall;6 ft 8 in (2.03 m);221 lb (100 kg);American;Michigan State (1987–1991);Pershing (Detroit, Michigan);1991–2005;Shooting guard;1991 ; Round: 1 ; Pick: 5th overall
Terrell Brandon;1991 / Round: 1 / Pick: 11th overall;5 ft 11 in (1.80 m);180 lb (82 kg);American;Oregon (1989–1991);Grant (Portland, Oregon);1991–2002;Point guard;1991 ; Round: 1 ; Pick: 11th overall
Terry Cummings;1982 / Round: 1 / Pick: 2nd overall;6 ft 9 in (2.06 m);220 lb (100 kg);American;DePaul (1979–1982);Carver (Chicago, Illinois);1982–2000;Power forward / Center;1982 ; Round: 1 ; Pick: 2nd overall
Terry Dischinger;1962 / Round: 2 / Pick: 8th overall;6 ft 7 in (2.01 m);189 lb (86 kg);American;Purdue (1959–1962);Garfield (Terre Haute, Indiana);1962–1973;Small forward / Guard;1962 ; Round: 2 ; Pick: 8th overall
Terry Porter;1985 / Round: 1 / Pick: 24th overall;6 ft 3 in (1.91 m);195 lb (88 kg);American;Wisconsin–Stevens Point (1981–1985);South Division (Milwaukee, Wisconsin);1985–2002;Point guard;1985 ; Round: 1 ; Pick: 24th overall
Theo Ratliff;1995 / Round: 1 / Pick: 18th overall;6 ft 10 in (2.08 m);235 lb (107 kg);American;Wyoming (1991–1995);Demopolis (Demopolis, Alabama);1995–2011;Center;1995 ; Round: 1 ; Pick: 18th overall
Tim Duncan;1997 / Round: 1 / Pick: 1st overall;6 ft 11 in (2.11 m);250 lb (113 kg);American;Wake Forest (1993–1997);St. Dunstan's Episcopal (Saint Croix, U.S. Virgin Islands);1997–present;Power forward / Center;1997 ; Round: 1 ; Pick: 1st overall
Tim Hardaway;1989 / Round: 1 / Pick: 14th overall;6 ft 0 in (1.83 m);175 lb (79 kg);American;UTEP (1985–1989);Carver (Chicago, Illinois);1989–2003;Point guard;1989 ; Round: 1 ; Pick: 14th overall
Tom Chambers;1981 / Round: 1 / Pick: 8th overall;6 ft 10 in (2.08 m);230 lb (104 kg);American;Utah (1977–1981);Fairview (Boulder, Colorado);1981–1997;Power forward / Center;1981 ; Round: 1 ; Pick: 8th overall
Tom Gola;1955 / Pick: Territorial;6 ft 6 in (1.98 m);205 lb (93 kg);American;La Salle (1951–1955);La Salle (Philadelphia, Pennsylvania);1955–1966;Small forward / Guard;1955 ; Pick: Territorial;
Tom Gugliotta;1992 / Round: 1 / Pick: 6th overall;6 ft 10 in (2.08 m);250 lb (113 kg);American;NC State (1988–1992);Walt Whitman (Huntington Station, New York);1992–2005;Power forward;1992 ; Round: 1 ; Pick: 6th overall
Tom Heinsohn;1956 / Pick: Territorial Pick;6 ft 7 in (2.01 m);218 lb (99 kg);American;Holy Cross (1953–1956);Saint Michael's (Union City, New Jersey);1956–1965;Forward / Center;1956 ; Pick: Territorial Pick;
Tom Meschery;1961 / Round: 1 / Pick: 7th overall;6 ft 6 in (1.98 m);215 lb (98 kg);Russian / American;Saint Mary's (1958–1961);Lowell (San Francisco, California);1961–1971;Power forward;1961 ; Round: 1 ; Pick: 7th overall
Tom Van Arsdale;1965 / Round: 2 / Pick: 11th overall;6 ft 5 in (1.96 m);202 lb (92 kg);American;Indiana (1962–1965);Emmerich Manual (Indianapolis, Indiana);1965–1977;Guard / Small forward;1965 ; Round: 2 ; Pick: 11th overall
Tony Parker;2001 / Round: 1 / Pick: 28th overall;6 ft 2 in (1.88 m);185 lb (84 kg);French;;;1999–present;Point guard;2001 ; Round: 1 ; Pick: 28th overall
Tracy McGrady;1997 / Round: 1 / Pick: 9th overall;6 ft 8 in (2.03 m);225 lb (102 kg);American;;Auburndale (Auburndale, Florida) Mount Zion Christian Academy (Durham, North Carolina);1997–2013;Shooting guard / Small forward;1997 ; Round: 1 ; Pick: 9th overall
Truck Robinson;1974 / Round: 2 / Pick: 22nd overall;6 ft 7 in (2.01 m);225 lb (102 kg);American;Tennessee State (1970–1974);William M. Raines (Jacksonville, Florida);1974–1985;Power forward;1974 ; Round: 2 ; Pick: 22nd overall
Tyrone Hill;1990 / Round: 1 / Pick: 11th overall;6 ft 9 in (2.06 m);240 lb (109 kg);American;Xavier (1986–1990);Withrow (Cincinnati, Ohio);1990–2003;Power forward;1990 ; Round: 1 ; Pick: 11th overall
Tyson Chandler;2001 / Round: 1 / Pick: 2nd overall;7 ft 1 in (2.16 m);240 lb (109 kg);American;;Dominguez (Compton, California);2001–present;Center;2001 ; Round: 1 ; Pick: 2nd overall
Vern Mikkelsen;1949 / Pick: Territorial;6 ft 7 in (2.01 m);230 lb (104 kg);American;Hamline (1945–1949);Askov (Askov, Minnesota);1949–1959;Power forward / Small forward;1949 ; Pick: Territorial;
Vin Baker;1993 / Round: 1 / Pick: 8th overall;6 ft 11 in (2.11 m);232 lb (105 kg);American;Hartford (1989–1993);Old Saybrook (Old Saybrook, Connecticut);1993–2006;Point Guard / Center;1993 ; Round: 1 ; Pick: 8th overall
Vince Boryla;;6 ft 5 in (1.96 m);210 lb (95 kg);American;Notre Dame (1944–1946) Denver (1948–1949);Washington (East Chicago, Indiana);1949–1954;Forward;;;
Vince Carter;1998 / Round: 1 / Pick: 5th overall;6 ft 6 in (1.98 m);220 lb (100 kg);American;North Carolina (1995–1998);Mainland (Daytona Beach, Florida);1998–present;Shooting guard / Small forward;1998 ; Round: 1 ; Pick: 5th overall
Vlade Divac;1989 / Round: 1 / Pick: 26th overall;7 ft 1 in (2.16 m);243 lb (110 kg);Serbian;;;1983–2005;Center;1989 ; Round: 1 ; Pick: 26th overall
Wally Szczerbiak;1999 / Round: 1 / Pick: 6th overall;6 ft 7 in (2.01 m);244 lb (111 kg);American;Miami (Ohio) (1995–1999);Cold Spring Harbor (Cold Spring Harbor, New York);1999–2009;Shooting guard / Small forward;1999 ; Round: 1 ; Pick: 6th overall
Walt Bellamy;1961 / Round: 1 / Pick: 1st overall;6 ft 11 in (2.11 m);225 lb (102 kg);American;Indiana (1958–1961);J.T. Barber (New Bern, North Carolina);1961–1974;Center;1961 ; Round: 1 ; Pick: 1st overall
Walt Frazier;1967 / Round: 1 / Pick: 5th overall;6 ft 4 in (1.93 m);200 lb (91 kg);American;Southern Illinois (1963–1967);David T. Howard (Atlanta, Georgia);1967–1980;Point guard;1967 ; Round: 1 ; Pick: 5th overall
Walt Hazzard;1964 / Round: Territorial pick;6 ft 2 in (1.88 m);185 lb (84 kg);American;UCLA (1961–1964);Moton (Easton, Maryland) Overbrook (Philadelphia, Pennsylvania);1964–1974;Guard;1964 ; Round: Territorial pick;
Walter Davis;1977 / Round: 1 / Pick: 5th overall;6 ft 6 in (1.98 m);193 lb (88 kg);American;North Carolina (1973–1977);South Mecklenburg (Charlotte, North Carolina);1977–1992;Shooting guard / Small forward;1977 ; Round: 1 ; Pick: 5th overall
Walter Dukes;1953 / Pick: Territorial;7 ft 0 in (2.13 m);220 lb (100 kg);American;Seton Hall (1950–1953);East (Rochester, New York);1953–1969;Center;1953 ; Pick: Territorial;
Wayne Embry;1958 / Round: 3 / Pick: 22nd overall;6 ft 8 in (2.03 m);240 lb (109 kg);American;Miami (Ohio) (1955–1958);Tecumseh (New Carlisle, Ohio);1958–1969;Center / Power forward;1958 ; Round: 3 ; Pick: 22nd overall
Wes Unseld;1968 / Round: 1 / Pick: 2nd overall;6 ft 7 in (2.01 m);245 lb (111 kg);American;Louisville (1965–1968);Seneca (Louisville, Kentucky);1968–1981;Center / Power forward;1968 ; Round: 1 ; Pick: 2nd overall
Willie Naulls;1956 / Round: 2 / Pick: 9th overall;6 ft 6 in (1.98 m);225 lb (102 kg);American;UCLA (1953–1956);San Pedro (San Pedro, California);1956–1966;Power forward / Center;1956 ; Round: 2 ; Pick: 9th overall
Willis Reed;1964 / Round: 2 / Pick: 8th overall;6 ft 9 in (2.06 m);240 lb (109 kg);American;Grambling State (1960–1964);West Side (Lillie, Louisiana);1964–1974;Center;1964 ; Round: 2 ; Pick: 8th overall
Wilt Chamberlain;1959 / Pick: Territorial;7 ft 1 in (2.16 m);275 lb (125 kg);American;Kansas (1956–1958);Overbrook (Philadelphia, Pennsylvania);1959–1973;Center;1959 ; Pick: Territorial;
Woody Sauldsberry;1957 / Round: 8 / Pick: 60th overall;6 ft 7 in (2.01 m);220 lb (100 kg);American;Texas Southern;Compton Union (Compton, California);1955–1966;Power forward / Center;1957 ; Round: 8 ; Pick: 60th overall
World B. Free;1975 / Round: 2 / Pick: 23rd overall;6 ft 2 in (1.88 m);185 lb (84 kg);American;Guilford (1972–1975);Canarsie (Brooklyn, New York);1975–1991;Guard;1975 ; Round: 2 ; Pick: 23rd overall
Xavier McDaniel;1985 / Round: 1 / Pick: 4th overall;6 ft 7 in (2.01 m);218 lb (99 kg);American;Wichita State (1981–1985);A.C. Flora (Columbia, South Carolina);1985–1998;Small forward / Power forward;1985 ; Round: 1 ; Pick: 4th overall
Yao Ming;2002 / Round: 1 / Pick: 1st overall;7 ft 6 in (2.29 m);310 lb (141 kg);Chinese;;;1997–2011;Center;2002 ; Round: 1 ; Pick: 1st overall
Zach Randolph;2001 / Round: 1 / Pick: 19th overall;6 ft 9 in (2.06 m);260 lb (118 kg);American;Michigan State (2000–2001);Marion (Marion, Indiana);2001–present;Power forward;2001 ; Round: 1 ; Pick: 19th overall
Zelmo Beaty;1962 / Round: 1 / Pick: 3rd overall;6 ft 9 in (2.06 m);225 lb (102 kg);American;Prairie View A&M (1958–1962);Woodville (Woodville, Texas);1962–1975;Center;1962 ; Round: 1 ; Pick: 3rd overall
Zydrunas Ilgauskas;1996 / Round: 1 / Pick: 20th overall;7 ft 3 in (2.21 m);260 lb (118 kg);Lithuanian / American;;;1993–2011;Center;1996 ; Round: 1 ; Pick: 20th overall
